"","SampleID","CollectionDate","Location","Latitude","Longitude","SnowColor","CellDensity","Astaxanthin","Lutein","ChlA","ChlB","BetaC","Pheophorbide","Pheophytin"
"1","2024-8-12-CK-algae1","8/12/2024","Camp Kiser",48.81630987,-121.7593849,"red",4511,3.66788670733333,0,23.2569451706667,51.12571791,67.7216427233333,4.47595538666667,32.05055182
"2","2024-8-12-CK-algae2","8/12/2024","Camp Kiser",48.8165618,-121.7593942,"red",6144,3.390108168,16.7176660133333,32.03687642,51.5528431166667,102.4982979,3.48169831633333,37.76253891
"3","2024-8-12-CK-algae3","8/12/2024","Camp Kiser",48.81660346,-121.7594374,"red",20671,9.824605641,139.5897287,109.946148346667,332.351101966667,685.040179733333,6.14412387933333,125.800093493333
"4","2024-8-12-CK-algae4","8/12/2024","Camp Kiser",48.81659306,-121.7595671,"red",13298,18.326312317,14.8156304,66.28589009,122.90772052,208.703197426667,4.92741593,81.73157768
"5","2024-8-12-CK-algae5","8/12/2024","Camp Kiser",48.81668639,-121.7595132,"red",8181,3.953864778,7.54485686,63.2165515233333,142.395185233333,392.3703331,4.35432560733333,68.67634457
"6","2024-8-12-CK-algae6","8/12/2024","Camp Kiser",48.81662289,-121.7593486,"red",5909,2.66720169333333,0,18.6563558933333,32.7404155783333,87.3200112466667,4.449635548,36.36269875
"7","2024-8-12-CK-algae7","8/12/2024","Camp Kiser",48.81666816,-121.7593851,"red",19645,4.538300003,24.63047726,83.7880955266667,202.991789733333,529.626749633333,4.59522162833333,88.33437089
"8","2024-8-12-CK-algae8","8/12/2024","Camp Kiser",48.81587518,-121.7608124,"red",6127,2.33877879666667,8.09682866666667,30.8300984933333,64.2172345966667,164.501337476667,4.029755244,32.4452993
"9","2024-8-12-CK-algae9","8/12/2024","Camp Kiser",48.81559079,-121.7606725,"red",8568,3.04382472133333,0,38.3476593633333,67.4117866966667,100.32580223,4.66415544233333,30.6463474066667
"10","2024-8-12-CK-algae10","8/12/2024","Camp Kiser",48.81500655,-121.7611347,"red",12962,5.67013061433333,15.723077,67.4427840433333,195.930621033333,454.888163233333,8.80621982466667,103.095034493333
"11","2024-8-12-CK-algae11","8/12/2024","Camp Kiser",48.81491741,-121.760998,"red",10863,2.93011347633333,9.58954827666667,65.8512514166667,116.10943903,260.817892166667,4.282093889,69.05721707
"12","2024-8-12-CK-algae12","8/12/2024","Camp Kiser",48.81486314,-121.7609674,"red",6363,2.16700988066667,0,28.8880748133333,59.08883792,118.956840333333,3.73798274466667,36.3141494233333
"13","2024-8-12-CK-algae13","8/12/2024","Camp Kiser",48.81485787,-121.7610606,"red",21277,114.777761133333,223.276145733333,117.902379333333,263.233729466667,556.8929404,3.852321089,85.0290459566667
"14","2024-8-12-CK-algae14","8/12/2024","Camp Kiser",48.81485466,-121.7610492,"red",11800,74.9503253666667,124.265672423333,81.34438509,174.7999661,275.424935666667,2.84043935566667,58.3693334933333
"15","2024-8-12-CK-algae15","8/12/2024","Camp Kiser",48.81475611,-121.7612802,"red",9073,42.1575935933333,17.602354473,42.21518675,72.25969969,116.222668046667,1.942715916,31.5751924366667
"16","2024-8-12-CK-algae16","8/12/2024","Camp Kiser",48.81412405,-121.7609705,"red",8501,22.70231966,16.9865111883333,21.23644442,92.27163237,104.107929376667,0.977246254666667,28.4671118033333
"17","2024-8-12-CK-algae17","8/12/2024","Camp Kiser",48.8141069,-121.7610466,"red",31882,10.4861246703333,17.6921973613333,44.23432053,102.53434018,158.816851776667,2.3789853,32.5977082533333
"18","2024-8-12-CK-algae18","8/12/2024","Camp Kiser",48.81411291,-121.7609751,"red",23533,60.25207402,65.0973759866667,79.8900552133333,163.940407366667,257.9549629,2.06877416066667,52.1374634933333
"19","2024-8-12-CK-algae19","8/12/2024","Camp Kiser",48.81400872,-121.7609889,"red",17524,91.4760603566667,43.13333163,67.3063285333333,177.3239448,228.14545,2.35988376066667,67.6159385433333
"20","2024-8-12-CK-algae20","8/12/2024","Camp Kiser",48.81398447,-121.7610104,"red",4478,35.6173392833333,25.0496780466667,30.9371627033333,100.68215245,118.805818733333,1.176561788,33.3803440066667
"21","2024-8-13-CK-algae21","8/13/2024","Camp Kiser",48.81497275,-121.7611025,"red",28583,62.62909214,30.4165307633333,123.020648113333,222.855367533333,369.591384733333,9.03015608066667,77.3375569033333
"22","2024-8-13-CK-algae22","8/13/2024","Camp Kiser",48.81494045,-121.7610649,"red",44238,21.5079153433333,15.9297143133333,87.8433408033333,200.863100266667,330.898781866667,1.59375431533333,72.2810446466667
"23","2024-8-13-CK-algae23","8/13/2024","Camp Kiser",48.81490907,-121.7611108,"red",29761,38.5130347756667,16.8693840066667,88.0672818166667,161.9970266,295.542203133333,2.24416108733333,57.9277336266667
"24","2024-8-13-CK-algae24","8/13/2024","Camp Kiser",48.8148562,-121.7610503,"red",29021,40.7894748113333,27.1508844333333,178.1433428,325.372382,517.433471733333,1.78655866133333,94.1004508933333
"25","2024-8-13-CK-algae25","8/13/2024","Camp Kiser",48.81487453,-121.76099,"red",4814,33.2429573533333,59.53845107,40.22217016,86.36628765,123.12377319,1.67818175433333,37.30520258
"26","2024-8-13-CK-algae26","8/13/2024","Camp Kiser",48.81656911,-121.759007,"algae-free",1162,5.488968003,24.9648214,5.53244166533333,24.7022175433333,31.4192134333333,0,9.056478647
"27","2024-8-13-CK-algae27","8/13/2024","Camp Kiser",48.81638488,-121.7602009,"algae-free",2188,0.432492,2.66180464933333,2.19253009433333,15.2288112133333,20.07586122,0,6.28423467766667
"28","2024-8-13-CK-algae28","8/13/2024","Camp Kiser",48.8162471,-121.7607746,"algae-free",926,0,14.60090105,0,5.94246,0,0,0
"29","2024-8-13-CK-algae29","8/13/2024","Camp Kiser",48.81612833,-121.7609847,"algae-free",0,0,0,0,1.393314667,0,3.360049778,0
"30","2024-8-13-CK-algae30","8/13/2024","Camp Kiser",48.8158955,-121.7606754,"algae-free",84,0,12.8550725,0,2.63829625,0,12.186855,0.37177625
"31","2024-8-13-CK-algae31","8/13/2024","Camp Kiser",48.81569995,-121.7605075,"algae-free",219,0,0,0,2.971465532,0,0,0
"32","2024-8-13-CK-algae32","8/13/2024","Camp Kiser",48.8155587,-121.7602773,"algae-free",657,0.786154839,0,0,14.8053329,0,20.77167613,2.932420645
"33","2024-8-13-CK-algae33","8/13/2024","Camp Kiser",48.81533781,-121.7605931,"algae-free",1364,6.30177241366667,22.2272987263333,9.85765189766667,26.0826398033333,28.79983231,32.50448057,9.134400362
"34","2024-8-13-CK-algae34","8/13/2024","Camp Kiser",48.81525518,-121.7612704,"algae-free",387,0.193618333,0,0,3.009775,0,0,0
"35","2024-8-13-CK-algae35","8/13/2024","Camp Kiser",48.8155053,-121.7614429,"algae-free",185,0,0,0,4.682296216,0.675461622,0,0
"36","2024-8-13-CK-algae36","8/13/2024","Camp Kiser",48.8152147,-121.7624364,"algae-free",269,0,0,0,0,7.692634667,1.536916444,1.427359111
"37","2024-8-13-CK-algae37","8/13/2024","Camp Kiser",48.81474141,-121.7617216,"algae-free",724,NA,NA,NA,NA,NA,NA,NA
"38","2024-8-13-CK-algae39","8/13/2024","Camp Kiser",48.81433794,-121.7616921,"algae-free",185,0,0,0,0.0374992,0,0,0.5587376
"39","2024-8-13-CK-algae40","8/13/2024","Camp Kiser",48.81419316,-121.7619577,"algae-free",51,0,0,0,0,0,0,0
"40","2024-8-13-CK-algae41","8/13/2024","Camp Kiser",48.81371654,-121.7616803,"algae-free",67,0,0,0,0,0,0,0
"41","2024-8-13-CK-algae42","8/13/2024","Camp Kiser",48.81372372,-121.7616067,"algae-free",0,0,0,0,0,0,0,0
"42","2024-8-13-CK-algae43","8/13/2024","Camp Kiser",48.81367727,-121.7616345,"algae-free",387,0,0,0,0,0,0,0
"43","2024-8-13-CK-algae44","8/13/2024","Camp Kiser",48.81655542,-121.7592658,"algae-free",2340,13.26937375,0.8996875,33.9360825,61.2946575,8.80386625,0.5172725,22.19601875
"44","2024-8-13-CK-algae45","8/13/2024","Camp Kiser",48.81647776,-121.7592552,"algae-free",168,0,0,0,3.853832222,0,0,1.121606667
"45","2024-8-13-CK-algae46","8/13/2024","Camp Kiser",48.81487847,-121.7611394,"red",29054,50.9588778033333,74.7524229033333,83.9705331766667,218.853089466667,186.968055086667,2.28086142833333,66.75407403
"46","2024-8-13-CK-algae47","8/13/2024","Camp Kiser",48.81446679,-121.7610556,"red",7575,8.378729372,9.36219118433333,18.749839806,50.5917387066667,48.0969868266667,0.805556467666667,19.8080764166667
"47","2024-8-13-CK-algae48","8/13/2024","Camp Kiser",48.81486418,-121.7611876,"red",11548,24.7767888866667,26.706734276,29.21960494,65.1142440633333,58.2621885166667,1.79160554966667,20.08565692
"48","2024-8-13-CK-algae49","8/13/2024","Camp Kiser",48.81480472,-121.7611575,"red",44945,54.02684106,97.7097331566667,98.28108859,168.4268764,178.454304766667,3.844517709,52.78316606
"49","2024-8-13-CK-algae50","8/13/2024","Camp Kiser",48.81388021,-121.7606472,"red",10252,38.0014937066667,60.42060494,43.9191482933333,93.7393489533333,59.7829519366667,1.77348930066667,30.2898436566667
"50","2024-8-12-CK-algae51","8/12/2024","Camp Kiser",48.81610604,-121.759769,"red",29997,92.2341659666667,176.3517807,95.2533847,190.705076633333,366.481725166667,4.99250729533333,61.25305229
"51","2024-8-12-CK-algae57","8/12/2024","Camp Kiser",48.81342448,-121.7616955,"algae-free",14712,1.920954429,82.53215514,39.45836871,54.60641257,20.46722757,5.656405571,17.02080429
"52","2024-8-12-CK-algae58","8/12/2024","Camp Kiser",48.81339026,-121.7616494,"algae-free",2138,0,19.38521131,2.734701029,14.49872594,7.421910057,2.927746743,4.3547944
"53","2024-8-12-CK-algae59","8/12/2024","Camp Kiser",48.81369921,-121.7618674,"algae-free",21951,4.120612889,0,0,17.04078444,38.12138667,2.632570667,4.825912
"54","2024-8-12-CK-algae60","8/12/2024","Camp Kiser",48.81375506,-121.7620671,"algae-free",2525,3.290253846,6.268299179,0,12.60435292,19.002804,0.864824308,3.769260513
"55","2024-8-12-CK-algae61","8/12/2024","Camp Kiser",48.81381757,-121.7621884,"algae-free",690,4.63155250233333,6.99584565366667,0.802303652333333,8.02788168566667,19.58079143,0.800194000666667,2.73322395433333
"56","2024-8-12-CK-algae62","8/12/2024","Camp Kiser",48.81403746,-121.7618749,"red",9864,33.2995950933333,39.68511339,20.9700784543333,47.3214849033333,72.7679828,1.626129583,14.0164361866667
"57","2024-8-12-CK-algae63","8/12/2024","Camp Kiser",48.81419519,-121.7608468,"red",28819,114.962093466667,79.0377225733333,79.574031,188.453803833333,45.7989817466667,0.630826006333333,63.3631838166667
"58","2024-8-12-CK-algae64","8/12/2024","Camp Kiser",48.81412261,-121.7609826,"red",21446,89.55710402,18.593165148,93.5257718633333,179.460011946667,141.526255733333,2.48520936266667,89.4188548033333
"59","2024-8-12-CK-algae65","8/12/2024","Camp Kiser",48.81413125,-121.7610492,"red",11716,13.0972255366667,3.56151626333333,32.81358394,62.41616928,17.05693232,0.501858185333333,35.7665196466667
"60","2024-8-12-CK-algae66","8/12/2024","Camp Kiser",48.81466926,-121.7611103,"red",45450,98.2273796333333,55.2720889466667,97.4710869433333,197.072341866667,114.82702699,0.166699619,85.6451995566667
"61","2024-8-12-CK-algae67","8/12/2024","Camp Kiser",48.8155044,-121.7622684,"red",22776,59.13491152,9.51643966666667,55.78049267,126.588506336667,44.42781369,0.774351058333333,53.7884406033333
"62","2024-8-12-CK-algae68","8/12/2024","Camp Kiser",48.81632295,-121.7605064,"algae-free",67,0,0,0,0,9.856561181,1.504481013,0.461346835
"63","2024-8-12-CK-algae69","8/12/2024","Camp Kiser",48.81653258,-121.7602271,"red",9376,7.62596772,15.8247221066667,44.3671363,45.1723424166667,68.0206958733333,4.556599922,64.46907431
"64","2024-8-12-CK-algae70","8/12/2024","Camp Kiser",48.81667381,-121.7601158,"red",6599,NA,NA,NA,NA,NA,NA,NA
"65","2024-8-12-CK-algae71","8/12/2024","Camp Kiser",48.81667277,-121.7594811,"red",15335,1.96870068966667,0.861605761333333,17.3125025066667,93.5390126033333,107.879639933333,5.061829397,64.6443935366667
"66","2024-8-12-CK-algae72","8/12/2024","Camp Kiser",48.81658008,-121.7592829,"red",21984,11.2962013783333,7.74154612366667,11.12758938,32.72597208,110.61556266,3.430809755,45.0550234466667
"67","2024-8-12-CK-algae73","8/12/2024","Camp Kiser",48.81654956,-121.7593009,"red",11969,11.743213411,17.9892742223333,0.803182666666667,42.4853474066667,146.85593627,7.13984364133333,111.895858263333
"68","2024-8-12-CK-algae75","8/12/2024","Camp Kiser",48.81612422,-121.7598417,"red",23634,268.0790153,202.013075966667,389.132211766667,553.228209666667,149.766219533333,14.02443554,64.7486329133333
"69","2024-8-12-CK-algae76","8/12/2024","Camp Kiser",48.81632946,-121.75986,"red",42555,229.2139156,156.348159733333,517.701662433333,652.044524433333,308.8877464,9.68843694833333,114.0209389
"70","2024-8-12-CK-algae77","8/12/2024","Camp Kiser",48.8163288,-121.7598568,"red",64573,128.506756713333,61.61591388,324.6581685,420.0192193,226.476660066667,5.705651467,76.1118160133333
"71","2024-8-12-CK-algae78","8/12/2024","Camp Kiser",48.81632833,-121.7598548,"red",13972,24.7179668833333,16.23256701,62.45135171,120.60965004,38.06993231,3.11222075433333,20.4381198
"72","2024-8-12-CK-algae79","8/12/2024","Camp Kiser",48.81632759,-121.759862,"red",4124,0,0,3.46019971433333,32.4690305,19.5436433066667,0.375369697,15.5026686633333
"73","2024-8-12-CK-algae80","8/12/2024","Camp Kiser",48.81632585,-121.7598627,"red",7053,4.61836760633333,3.46389580666667,22.133353778,43.5613976,27.9659267233333,2.04662353433333,14.77788974
"74","2024-8-12-CK-algae81","8/12/2024","Camp Kiser",48.81661165,-121.7594161,"algae-free",3299,0,0,19.85029892,41.97384624,41.77520323,0,21.26050215
"75","2024-8-12-CK-algae82","8/12/2024","Camp Kiser",48.81660907,-121.7594141,"red",5404,4.52496389,0,33.4072836733333,111.387200833333,263.059798833333,1.71294119666667,56.0801767933333
"76","2024-8-12-CK-algae83","8/12/2024","Camp Kiser",48.81660517,-121.7594098,"red",3097,0,0,19.1550630546667,59.2441355333333,74.5604063933333,0.803207229666667,25.87963451
"77","2024-8-12-CK-algae84","8/12/2024","Camp Kiser",48.81660236,-121.7594072,"red",4629,2.49937227266667,0,35.9808853266667,115.726427356667,234.515243666667,0.456561363666667,49.5892689433333
"78","2024-8-12-CK-algae85","8/12/2024","Camp Kiser",48.81659836,-121.7594002,"red",7609,0,0,56.8956742466667,138.112536826667,205.191033966667,0.883944534666667,61.7842871866667
"79","2024-8-12-CK-algae86","8/12/2024","Camp Kiser",48.81666994,-121.7594843,"red",13787,3.23299363633333,4.14482909,34.32071066,140.006670766667,175.1711199,0.833819354,57.37779155
"80","2024-8-12-CK-algae87","8/12/2024","Camp Kiser",48.81614331,-121.7593908,"red",41444,17.4821044433333,0,139.646050066667,323.6924818,552.803184166667,2.75805777766667,152.539124766667
"81","2024-8-13-CK-algae88","8/13/2024","Camp Kiser",48.8157895,-121.760709,"red",29997,0,0,54.45018476,195.6116319,265.784894066667,0.953227649,87.7984230666667
"82","2024-8-13-CK-algae89","8/13/2024","Camp Kiser",48.81528454,-121.7613268,"red",9629,0,0,25.1048912033333,93.72351456,127.2581078,0.280981538333333,38.0478317733333
"83","2024-8-13-CK-algae90","8/13/2024","Camp Kiser",48.81506527,-121.76121,"red",17961,0,0,40.4634712633333,153.719583866667,173.129656633333,1.14909215,63.5122754466667
"84","2024-8-13-CK-algae91","8/13/2024","Camp Kiser",48.81509173,-121.7609005,"red",2155,0,0,12.83414643,47.1616416833333,37.6202194933333,0.676369932666667,19.3190444766667
"85","2024-8-13-CK-algae92","8/13/2024","Camp Kiser",48.81517964,-121.7606706,"red",4915,7.57759727333333,0,32.3392344033333,84.8519628333333,128.922579166667,2.10240595233333,37.3758414733333
"86","2024-8-13-CK-algae93","8/13/2024","Camp Kiser",48.81523101,-121.7608891,"red",29593,0,0,43.4426508433333,135.796063133333,94.76745893,0.292257037,48.6081236566667
"87","2024-8-13-CK-algae94","8/13/2024","Camp Kiser",48.81534925,-121.7609667,"red",16025,26.42698772,22.3112898233333,53.86982612,149.90678519,133.557457023333,1.267523047,56.49692712
"88","2024-8-13-CK-algae95","8/13/2024","Camp Kiser",48.81563004,-121.7607262,"red",6397,24.34217127,7.49639132766667,19.8670625733333,70.30140881,40.65812346,2.707893224,19.6659464266667
"89","2024-8-13-CK-algae96","8/13/2024","Camp Kiser",48.8157181,-121.7609068,"red",16901,82.8001325766667,31.5390787,73.1818277133333,201.9341129,125.34994981,4.44680222666667,57.18504975
"90","2024-8-13-CK-algae97","8/13/2024","Camp Kiser",48.8159048,-121.7607426,"red",18197,104.634366833333,21.1894729433333,57.32436827,156.945535666667,136.798731443333,5.54832953433333,59.2001116833333
"91","2024-8-13-CK-algae98","8/13/2024","Camp Kiser",48.81359288,-121.7613713,"red",6632,9.35862484166667,2.2922014,12.552893079,38.8079159566667,22.29100885,1.153706125,10.7659891806667
"92","2024-8-13-CK-algae99","8/13/2024","Camp Kiser",48.8138748,-121.7611076,"red",7558,10.9925122746667,10.68578926,22.15749287,60.3436633233333,17.81446551,1.73783193433333,16.38723699
"93","2024-8-13-CK-algae100","8/13/2024","Camp Kiser",48.81390177,-121.7610794,"red",14645,41.8425502266667,41.8971492533333,91.11260087,214.147807366667,105.436485816667,2.427975642,57.97194677
"94","2024-8-12-CK-algae101","8/13/2024","Camp Kiser",48.81394414,-121.7610419,"red",21345,56.883487945,12.0621316145,62.40372921,154.7690062,89.155921065,3.3273470175,43.92988966
"95","2024-8-12-CK-algae102","8/13/2024","Camp Kiser",48.81401055,-121.7609876,"red",12204,56.7922970366667,33.3736566666667,63.5218826733333,179.327797366667,106.359695253333,2.30067192266667,49.7815165233333
"96","2024-8-12-CK-algae103","8/13/2024","Camp Kiser",48.81407049,-121.7609347,"red",20663,68.21643612,51.3295106566667,66.6173707933333,216.588764833333,199.2815965,2.34895578366667,66.4596435566667
"97","2024-8-12-CK-algae104","8/13/2024","Camp Kiser",48.81413983,-121.7608577,"red",5016,24.9939585466667,6.35747428266667,34.1113194433333,104.955664333333,36.5148616633333,1.91938761,28.44267114
"98","2024-8-12-CK-algae105","8/13/2024","Camp Kiser",48.81394995,-121.7607532,"red",14982,106.813861886667,80.5662870033333,115.555013433333,250.705636333333,301.000689533333,8.964803038,69.29181624
"99","2023-8-23-LC-algae1","8/23/2023","Lemon Creek Glacier",58.365245,-134.360759,"algae-free",3394,9.546,4.965,52.374,10.867,2.13,0.044,16.384
"100","2023-8-23-LC-algae2","8/23/2023","Lemon Creek Glacier",58.366894,-134.360113,"algae-free",6676,3.174,3.982,40.429,10.277,1.411,0,13.578
"101","2023-8-23-LC-algae3","8/23/2023","Lemon Creek Glacier",58.367561,-134.36052,"algae-free",3670,1.156,0,22.503,3.907,1.195,0,14.607
"102","2023-8-23-LC-algae4","8/23/2023","Lemon Creek Glacier",58.366583,-134.357281,"red",25957,43.266,37.345,188.259,55.864,9.572,1.296,61.806
"103","2023-8-23-LC-algae5","8/23/2023","Lemon Creek Glacier",58.366109,-134.357581,"algae-free",6262,40.811,43.808,160.373,44.368,13.215,1.103,56.8
"104","2023-8-23-LC-algae6","8/23/2023","Lemon Creek Glacier",58.36666,-134.353733,"red",8058,56.82,34.345,129.393,35.606,20.121,1.443,48.807
"105","2023-8-23-LC-algae7","8/23/2023","Lemon Creek Glacier",58.367326,-134.353054,"red",69084,131.402,181.779,517.989,139.068,96.417,9.69,146.888
"106","2023-8-23-LC-algae8","8/23/2023","Lemon Creek Glacier",58.366473,-134.349711,"algae-free",1656,24.462,14.809,68.153,20.008,3.836,1.361,30.68
"107","2023-8-23-LC-algae9","8/23/2023","Lemon Creek Glacier",58.364669,-134.352659,"red",23466,92.004,76.149,223.655,60.147,95.359,1.914,47.265
"108","2023-8-23-LC-algae10","8/23/2023","Lemon Creek Glacier",58.364653,-134.356496,"algae-free",8383,13.579,3.84,51.426,15.991,2.245,2.443,11.3
"109","2023-8-23-LC-algae11","8/23/2023","Lemon Creek Glacier",58.370121,-134.355217,"algae-free",943,1.71,0,17.905,4.452,2.136,1.196,5.263
"110","2023-8-23-LC-algae12","8/23/2023","Lemon Creek Glacier",58.367151,-134.340015,"algae-free",2693,1.438,0.139,16.742,8.346,1.762,1.289,5.507
"111","2023-8-23-LC-algae13","8/23/2023","Lemon Creek Glacier",58.36796,-134.338427,"red",8080,14.719,4.263,15.125,7.37,1.503,0.266,3.33
"112","2023-8-23-LC-algae14","8/23/2023","Lemon Creek Glacier",58.363704,-134.34213,"red",3569,11.074,12.967,41.103,23.152,1.084,0.953,9.624
"113","2023-8-23-LC-algae15","8/23/2023","Lemon Creek Glacier",58.364091,-134.353737,"algae-free",1532,15.356,20.879,41.35,26.411,8.974,0.748,11.965
"114","2023-8-23-LC-algae16","8/23/2023","Lemon Creek Glacier",58.36366,-134.361872,"algae-free",2020,8.5,10.319,36.229,19.064,4.272,0.8,8.922
"115","2023-8-24-LC-algae17","8/24/2023","Lemon Creek Glacier",58.372902,-134.337907,"algae-free",3619,20.511,21.068,59.909,30.588,6.247,2.732,14.663
"116","2023-8-24-LC-algae18","8/24/2023","Lemon Creek Glacier",58.372259,-134.338526,"red",2845,37.835,40.542,106.613,44.373,6.198,3.19,25.327
"117","2023-8-24-LC-algae19","8/24/2023","Lemon Creek Glacier",58.372672,-134.344596,"red",6447,18.864,17.055,33.838,18.997,4.346,1.402,9.277
"118","2023-8-24-LC-algae20","8/24/2023","Lemon Creek Glacier",58.371045,-134.345242,"algae-free",4612,32.589,36.335,73.299,43.931,8.864,2.623,22.101
"119","2023-8-24-LC-algae21","8/24/2023","Lemon Creek Glacier",58.370149,-134.344857,"algae-free",6043,9.048,19.568,52.535,29.147,2.568,3.28,19.014
"120","2023-8-24-LC-algae22","8/24/2023","Lemon Creek Glacier",58.370113,-134.34743,"algae-free",5269,28.194,9.205,24.441,11.852,7.318,4.466,5.607
"121","2023-8-24-LC-algae23","8/24/2023","Lemon Creek Glacier",58.369898,-134.349323,"algae-free",724,4.688,2.682,5.395,2.848,1.736,1.305,1.009
"122","2023-8-24-LC-algae24","8/24/2023","Lemon Creek Glacier",58.370853,-134.350767,"red",15386,9.621,11.268,21.914,12.614,4.611,4.721,5.422
"123","2023-8-24-LC-algae25","8/24/2023","Lemon Creek Glacier",58.371774,-134.352674,"algae-free",1986,1.003,0.858,9.802,3.772,3.786,3.688,0
"124","2023-8-24-LC-algae26","8/24/2023","Lemon Creek Glacier",58.363088,-134.356918,"red",13686,44.868,46.582,86.566,29.897,13.64,2.824,31.853
"125","2023-8-24-LC-algae27","8/24/2023","Lemon Creek Glacier",58.362613,-134.357149,"red",8349,43.334,43.068,101.557,22.074,16.221,4.998,33.852
"126","2023-8-24-LC-algae28","8/24/2023","Lemon Creek Glacier",58.360915,-134.35171,"algae-free",707,1.489,0.888,1.554,0.387,5.987,0,5.073
"127","2023-8-24-LC-algae29","8/24/2023","Lemon Creek Glacier",58.362939,-134.349691,"algae-free",320,15.098,16.468,31.16,18.701,10.344,10.956,12.677
"128","2023-8-24-LC-algae30","8/24/2023","Lemon Creek Glacier",58.36236781,-134.3557705,"red",349258,557.411,299.922,444.636,439.727,63.528,44.087,230.872
"129","2023-8-24-LC-algae31","8/24/2023","Lemon Creek Glacier",58.3623368,-134.355794,"red",138152,225.921,189.01,237.451,168.048,24.175,26.675,121.947
"130","2023-8-24-LC-algae32","8/24/2023","Lemon Creek Glacier",58.36221304,-134.3555946,"red",267953,272.704,173.241,313.112,260.389,51.607,6.299,229.859
"131","2023-8-24-LC-algae33","8/24/2023","Lemon Creek Glacier",58.36216446,-134.3556537,"red",302369,170.498,145.485,333.927,232.905,46.424,0.569,133.062
"132","2023-8-24-LC-algae34","8/24/2023","Lemon Creek Glacier",58.36216351,-134.3555242,"red",40720,86.606,38.631,158.402,113.685,28.504,8.357,129.737
"133","2023-8-24-LC-algae35","8/24/2023","Lemon Creek Glacier",58.36217764,-134.3552129,"red",352153,376.152,384.258,775.216,477.381,73.982,16.051,255.414
"134","2023-8-24-LC-algae36","8/24/2023","Lemon Creek Glacier",58.36205116,-134.3549763,"red",90004,75.834,68.893,153.042,136.167,17.846,0.553,68.753
"135","2023-8-24-LC-algae37","8/24/2023","Lemon Creek Glacier",58.3619559,-134.3548812,"red",144935,105.384,148.229,543.203,264.172,8.421,1.229,225.337
"136","2023-8-24-LC-algae38","8/24/2023","Lemon Creek Glacier",58.36198771,-134.3547865,"red",174754,125.591,83.5,267.002,160.627,5.492,0,163.754
"137","2023-8-24-LC-algae39","8/24/2023","Lemon Creek Glacier",58.36195065,-134.3546386,"red",44137,73.014,15.71,170.129,117.262,2.533,0,138.669
"138","2023-8-24-LC-algae40","8/24/2023","Lemon Creek Glacier",58.36196387,-134.3545247,"red",141992,114.731,82.158,380.192,166.171,14.18,0.421,165.672
"139","2023-8-24-LC-algae41","8/24/2023","Lemon Creek Glacier",58.36192722,-134.3544284,"red",172407,213.477,212.095,980.438,381.435,43.5,8.742,410.866
"140","2023-8-24-LC-algae42","8/24/2023","Lemon Creek Glacier",58.36197476,-134.354343,"red",128119,252.345,193.088,376.717,264.553,45.549,6.897,185.466
"141","2023-8-24-LC-algae43","8/24/2023","Lemon Creek Glacier",58.36204659,-134.3543088,"red",398546,431.653,478.455,640.94,538.086,194.819,24.127,454.98
"142","2023-8-24-LC-algae44","8/24/2023","Lemon Creek Glacier",58.36211804,-134.3540873,"red",177878,238.9,162.802,288.734,243.429,66.881,9.642,160.124
"143","2023-8-24-LC-algae45","8/24/2023","Lemon Creek Glacier",58.36210359,-134.3540362,"red",110961,358.545,284.884,446.449,416.974,91.669,11.392,294.373
"144","2023-8-24-LC-algae46","8/24/2023","Lemon Creek Glacier",58.36219779,-134.3540664,"red",70456,159.841,169.607,345.781,284.364,67.452,9.089,183.528
"145","2023-8-24-LC-algae47","8/24/2023","Lemon Creek Glacier",58.36224073,-134.3540718,"red",211730,94.898,55.001,202.877,90.109,11.045,12.209,82.298
"146","2023-8-24-LC-algae48","8/24/2023","Lemon Creek Glacier",58.36225164,-134.3541003,"red",294743,136.707,170.684,762.491,303.302,80.282,16.469,394.42
"147","2023-8-24-LC-algae49","8/24/2023","Lemon Creek Glacier",58.36227285,-134.3541883,"red",87466,203.96,86.181,195.143,151.487,51.062,24.995,169.407
"148","2023-8-24-LC-algae50","8/24/2023","Lemon Creek Glacier",58.36232201,-134.3542728,"red",200586,125.693,61.311,400.343,160.97,37.068,13.748,152.132
"149","2023-8-24-LC-algae51","8/24/2023","Lemon Creek Glacier",58.36233359,-134.3542792,"red",158051,115.367,130.327,350.713,193.063,66.585,15.18,191.667
"150","2023-8-24-LC-algae52","8/24/2023","Lemon Creek Glacier",58.36244553,-134.3543341,"red",326584,370.986,241.074,379.006,143.62,66.594,6.445,227.786
"151","2023-8-24-LC-algae53","8/24/2023","Lemon Creek Glacier",58.36244165,-134.3542506,"red",672155,287.421,232.228,416.809,136.806,80.339,6.194,129.529
"152","2023-8-24-LC-algae54","8/24/2023","Lemon Creek Glacier",58.36256648,-134.3545325,"red",271286,250.552,223.154,571.956,191.548,97.78,6.356,218.977
"153","2023-8-24-LC-algae55","8/24/2023","Lemon Creek Glacier",58.36256601,-134.3547498,"red",250547,394.216,373.92,1040.882,325.925,122.431,10.328,325.468
"154","2023-8-24-LC-algae56","8/24/2023","Lemon Creek Glacier",58.36271253,-134.3550275,"red",226947,260.805,248.314,462.193,155.487,108.361,6.266,154.075
"155","2023-8-24-LC-algae57","8/24/2023","Lemon Creek Glacier",58.36268351,-134.3551732,"red",247955,160.944,NA,377.007,162.842,52.232,1.176,145.767
"156","2023-8-24-LC-algae58","8/24/2023","Lemon Creek Glacier",58.36251937,-134.3552284,"red",139885,95.202,NA,230.172,92.298,24.114,0,84.77
"157","2023-8-24-LC-algae59","8/24/2023","Lemon Creek Glacier",58.3624741,-134.3551879,"red",265933,133.072,NA,357.727,149.291,49.844,0,160.142
"158","2025-02-16-PC-algae1","2/16/2025","Antarctic Peninsula",-62.93738,-60.5945,"algae-free",NA,0,0,0,1.27069521366667,0,0.977963083333333,6.529570671
"159","2025-02-16-PC-algae2","2/16/2025","Antarctic Peninsula",-62.9371,-60.59389,"algae-free",NA,0,0,0,0,0,1.09500549533333,10.22844888
"160","2025-02-16-PC-algae3","2/16/2025","Antarctic Peninsula",-62.93453,-60.5951,"algae-free",NA,0,0,0,0.480840568666667,0,1.12861767533333,13.9482988133333
"161","2025-02-19-SI-algae1","2/19/2025","Antarctic Peninsula",-68.18545,-66.99881,"algae-free",NA,76.9943222766667,1812.24936133333,2061.75038066667,4036.05825066667,942.529372533333,218.845381433333,1282.178181
"162","2025-02-19-SI-algae2","2/19/2025","Antarctic Peninsula",-68.18539,-66.99913,"red",NA,12.53037278,152.165851133333,117.920506813333,225.690466266667,18.6379050766667,23.0486863933333,79.94782447
"163","2025-02-19-SI-algae3","2/19/2025","Antarctic Peninsula",-68.18518,-67.0023,"green",NA,0,988.485928866667,1198.12169553333,2605.556774,387.392688633333,35.7833662333333,881.208230933333
"164","2025-02-19-SI-algae4","2/19/2025","Antarctic Peninsula",-68.18455,-67.00294,"red",NA,0.158747182666667,99.1759623,59.0810962766667,123.906996833333,171.739234533333,9.88266817333333,48.6760180566667
"165","2025-02-19-SI-algae5","2/19/2025","Antarctic Peninsula",-68.18422,-66.99993,"algae-free",NA,0,0,19.9016640433333,31.33903024,13.8795817426667,2.848652128,26.5115694433333
"166","2025-02-19-SI-algae6","2/19/2025","Antarctic Peninsula",-68.1855,-66.99638,"green",NA,0,378.491510633333,762.9400321,1261.88813433333,494.053777666667,35.9312258666667,430.380336866667
"167","2025-02-19-SI-algae7","2/19/2025","Antarctic Peninsula",-68.18575,-66.99792,"green",NA,0,2784.10678566667,3486.686562,7298.22185133333,4016.80017766667,416.914046933333,3700.51411633333
"168","2025-02-21-HI-algae1","2/21/2025","Antarctic Peninsula",-67.8087,-67.29562,"red",NA,135.66534215,595.68112205,537.55745885,1246.0440045,161.0699226,16.1284571,341.03971655
"169","2025-02-21-HI-algae2","2/21/2025","Antarctic Peninsula",-67.80874,-67.29564,"green",NA,6.66465866833333,2339.336955,3724.0762,7373.96723466667,1139.10409123333,177.350841766667,1731.57357766667
"170","2025-02-21-HI-algae3","2/21/2025","Antarctic Peninsula",-67.80849,-67.29615,"red",NA,319.443876266667,1185.32041866667,1383.85451833333,3734.26742033333,333.130547566667,34.4346023266667,851.7051165
"171","2025-02-21-HI-algae4","2/21/2025","Antarctic Peninsula",-67.80883,-67.29847,"green",NA,41.37057724,1276.24029066667,1461.59859766667,3306.642566,596.283648966667,88.8118353533333,878.372629233333
"172","2025-02-21-HI-algae5","2/21/2025","Antarctic Peninsula",-67.80999,-67.29809,"green",NA,0,663.170397733333,1066.787155,1714.302954,215.5368463,30.4326906233333,519.6201068
"173","2025-02-21-HI-algae6","2/21/2025","Antarctic Peninsula",-67.81003,-67.29809,"red",NA,78.8249392,510.3367749,467.566275866667,1032.2758347,212.8175823,16.1721882166667,326.217129266667
"174","2025-02-21-HI-algae7","2/21/2025","Antarctic Peninsula",-67.81004,-67.29818,"algae-free",NA,0,0,0,0.0907622223333333,0,0.655497003333333,5.859276518
"175","2025-02-21-HI-algae8","2/21/2025","Antarctic Peninsula",-67.81032,-67.29829,"red",NA,90.1257725,401.771461933333,327.1019698,850.212624533333,142.653612266667,5.41616888866667,275.569358933333
"176","2025-02-21-HI-algae9","2/21/2025","Antarctic Peninsula",-67.81031,-67.29822,"algae-free",NA,0,0,0,1.19971552,0,1.03937672,5.994566791
"177","2025-02-23-DP-algae1","2/23/2025","Antarctic Peninsula",-64.81563,-63.50404,"red",NA,180.476329233333,1402.94903033333,1380.713259,2953.373763,1915.21594833333,100.925146966667,996.1117849
"178","2025-02-23-DP-algae2","2/23/2025","Antarctic Peninsula",-64.81464,-63.50422,"red",NA,60.83639077,309.058617366667,238.037574433333,542.415672266667,629.645570933333,26.7430035166667,176.373243833333
"179","2025-02-23-DP-algae3","2/23/2025","Antarctic Peninsula",-64.8152,-63.50433,"green",NA,71.1269338333333,1427.54478,1067.01737033333,2422.17445733333,1139.73583766667,48.1329107033333,697.5224803
"180","2025-02-23-DP-algae4","2/23/2025","Antarctic Peninsula",-64.8152,-63.50451,"algae-free",NA,3.4275052,0,4.51009266666667,16.1227761866667,4.10847308233333,1.86246782233333,12.396911667
"181","2025-02-23-DP-algae5","2/23/2025","Antarctic Peninsula",-64.81529,-63.50492,"red",NA,443.6969222,2552.54651133333,1867.376845,4758.193903,3066.86094333333,149.523467666667,904.1159212
"182","2025-02-23-DP-algae6","2/23/2025","Antarctic Peninsula",-64.81529,-63.50492,"green",NA,393.1930566,2853.68975933333,3024.45758533333,6811.74163266667,2385.334111,192.733152133333,1650.515
"183","2025-02-23-DP-algae7","2/23/2025","Antarctic Peninsula",-65.8154,-63.50492,"red",NA,153.432769633333,1535.96735366667,1520.42287133333,2629.271794,2932.40284533333,85.2178777133333,1053.398527
"184","2025-02-23-DP-algae8","2/23/2025","Antarctic Peninsula",-63.8154,-63.50499,"green",NA,646.943565566667,7696.08664466667,11939.0830133333,22113.39871,10272.940382,735.146590133333,6864.38065566667
"185","2025-02-23-DP-algae9","2/23/2025","Antarctic Peninsula",-64.81598,-63.50537,"algae-free",NA,0.0907097143333333,0,0,2.89278857166667,0,0.814919815666667,8.44854290133333
"186","2025-02-23-DP-algae10","2/23/2025","Antarctic Peninsula",-64.81611,-63.5056,"red",NA,255.079183066667,135.2586324,321.5788354,438.1126734,42.8464723733333,19.0400628666667,163.228695366667
"187","2025-02-23-DP-algae11","2/23/2025","Antarctic Peninsula",-64.81671,-63.50529,"green",NA,101.967265046667,621.680239733333,1324.96193033333,2708.30454533333,506.093886666667,228.851650966667,802.5274845
"188","2025-02-24-DA-algae1","2/24/2025","Antarctic Peninsula",-64.7295,-62.60036,"green",NA,0,252.048706166667,962.844263333333,1956.91546566667,1202.05698933333,33.7274839233333,881.771595166667
"189","2025-02-24-DA-algae2","2/24/2025","Antarctic Peninsula",-64.72946,-62.59961,"red",NA,133.651302,516.143648333333,648.587961766667,1464.48098266667,1176.15836466667,32.2693971533333,739.593264366667
"190","2025-02-24-DA-algae3","2/24/2025","Antarctic Peninsula",-64.73044,-62.59956,"red",NA,0,0,91.6772458,229.541738133333,414.003337533333,12.7248013,109.3793029
"191","2025-02-24-DA-algae4","2/24/2025","Antarctic Peninsula",-64.72988,-62.59895,"green",NA,80.6537391666667,5638.023321,12524.7116333333,28636.70409,16100.3249766667,617.88224031,12257.8491866667
"192","2025-02-24-DA-algae5","2/24/2025","Antarctic Peninsula",-64.73,-62.59862,"red",NA,302.143098633333,3975.29735966667,3224.74872,6239.24873533333,5471.69685466667,233.750721666667,2002.26242566667
"193","2025-02-24-DA-algae6","2/24/2025","Antarctic Peninsula",-64.73023,-62.59771,"green",NA,7.73388085666667,2154.15978866667,2882.18349066667,4717.094281,2306.929165,140.0260359,1505.936705
"194","2025-02-24-DA-algae7","2/24/2025","Antarctic Peninsula",-64.73031,-62.59599,"algae-free",NA,0,0,0.566198166666667,20.2360411333333,4.53100155066667,1.602062593,11.7838152566667
"195","2025-02-25-OH-algae1","2/25/2025","Antarctic Peninsula",-64.63165,-62.55229,"green",NA,36.6126030966667,2941.40397333333,3678.17028166667,6107.44820266667,2813.32840466667,111.948448013333,1975.05933533333
"196","2025-02-25-OH-algae2","2/25/2025","Antarctic Peninsula",-64.63128,-62.55244,"green",NA,26.7747654533333,2944.264343,3994.00769433333,6433.22208133333,2418.044747,165.901506066667,2098.27873833333
"197","2025-02-25-OH-algae3","2/25/2025","Antarctic Peninsula",-64.63131,-62.55249,"red",NA,125.119618433333,0,121.265798223333,237.369476766667,90.82221111,15.98139589,94.03869689
"198","2025-02-25-OH-algae4","2/25/2025","Antarctic Peninsula",-64.63137,-62.55247,"algae-free",NA,0,0,0,5.883428965,0,0.839556897,7.47646735533333
"199","2025-03-04-PI-algae1","3/4/2025","Antarctic Peninsula",-65.09992,-64.05026,"red",NA,394.400646466667,2519.39209566667,2630.97475566667,4311.47389766667,2723.10699533333,189.510267133333,1303.395811
"200","2025-03-04-PI-algae2","3/4/2025","Antarctic Peninsula",-65.09989,-64.05064,"green",NA,0,2418.70659866667,1919.526873,5084.171074,1799.237832,121.750269633333,1535.24094266667
"201","2025-03-04-PI-algae3","3/4/2025","Antarctic Peninsula",-65.09979,-64.04865,"green",NA,489.5803937,6410.05220333333,5825.71394533333,10015.7950066667,5310.04489866667,482.511566533333,4166.95249466667
"202","2025-03-04-PI-algae4","3/4/2025","Antarctic Peninsula",-65.09989,-64.04892,"algae-free",NA,0,5.397538,25.7729992366667,39.0142205233333,1.154905746,4.56243439666667,20.7769973333333
"203","2025-03-04-PI-algae5","3/4/2025","Antarctic Peninsula",-65.09994,-64.04897,"red",NA,172.580808033333,639.275979133333,414.340490133333,1044.4542893,678.441374066667,60.2251169333333,410.493532233333
"204","2025-03-04-PI-algae6","3/4/2025","Antarctic Peninsula",-65.10005,-64.04859,"green",NA,241.349452666667,1701.53226933333,1588.81187133333,3207.114833,764.517304066667,104.9259858,1336.12939233333
"205","2025-03-05-DP-algae1","3/5/2025","Antarctic Peninsula",-64.81596,-63.5044,"red",NA,29.8263916433333,153.788095676667,111.219198183333,226.805355333333,287.869108366667,16.5860395633333,94.1689438966667
"206","2025-03-05-DP-algae2","3/5/2025","Antarctic Peninsula",-64.81531,-63.50457,"green",NA,995.387426333333,14925.8338866667,11199.97455,25480.6547433333,13255.01223,868.958153666667,7211.18210033333
"207","2025-03-05-DP-algae3","3/5/2025","Antarctic Peninsula",-64.81522,-63.50466,"green",NA,46.01684615,3755.930047,4193.41425733333,6680.171817,2464.678136,168.2802278,2421.73960066667
"208","2025-03-05-DP-algae4","3/5/2025","Antarctic Peninsula",-64.8151,-63.50459,"red",NA,591.275150366667,4969.68327066667,4748.60254133333,11542.95129,7658.683149,393.176290266667,3860.57920433333
"209","2025-03-05-DP-algae5","3/5/2025","Antarctic Peninsula",-64.81534,-63.50828,"algae-free",NA,0,0,0,2.17824331466667,1.29525544433333,1.01572205566667,6.950058787
"210","2025-03-05-DP-algae6","3/5/2025","Antarctic Peninsula",-64.81485,-63.50871,"green",NA,4.54873355566667,3351.22691966667,3061.28732566667,6872.712419,3193.39721466667,244.987352233333,2440.96251466667
"211","2025-03-05-DP-algae7","3/5/2025","Antarctic Peninsula",-64.81666,-63.50599,"red",NA,118.279833033333,112.307263046667,204.143229366667,477.666848966667,200.4712469,23.0167495933333,178.434459333333
"212","2025-03-06-OH-algae1","3/6/2025","Antarctic Peninsula",-64.63179,-62.55252,"green",NA,0,1913.63686533333,2287.44831766667,4562.85129666667,2117.3952,95.69011822,1674.52797233333
"213","2025-03-06-OH-algae2","3/6/2025","Antarctic Peninsula",-64.6318,-62.55257,"red",NA,20.4410748133333,1765.71475333333,1761.375753,3541.72459466667,2535.17125633333,107.155991656667,1267.78123866667
"214","2025-03-06-OH-algae3","3/6/2025","Antarctic Peninsula",-64.63178,-62.55273,"red",NA,27.7522506666667,789.330479033333,717.946673933333,1334.53923566667,778.2560478,53.0323247266667,580.646169933333
"215","2025-03-06-OH-algae4","3/6/2025","Antarctic Peninsula",-64.63155,-62.55252,"green",NA,0,1029.52794046667,1531.21486266667,2674.176552,1059.85335933333,84.03049457,1026.77219756667
"216","2025-03-06-OH-algae5","3/6/2025","Antarctic Peninsula",-64.63155,-62.55241,"algae-free",NA,0,0,1.05673851866667,16.2322502933333,14.5387915066667,2.62310348966667,13.79108078
"217","2025-03-07-NH-algae1","3/7/2025","Antarctic Peninsula",-64.84492,-62.52719,"green",NA,0.620339155,25.1266883466667,41.78179994,95.9405221633333,57.91860737,7.29202979766667,51.8129850466667
"218","2025-03-07-NH-algae2","3/7/2025","Antarctic Peninsula",-64.84514,-62.5301,"algae-free",NA,0,0,0,1.37765608,0,0.939650233666667,6.978167943
"219","2025-03-07-NH-algae3","3/7/2025","Antarctic Peninsula",-64.84514,-62.53061,"algae-free",NA,0,0,0,0.0687374813333333,0,0.902098912666667,5.408789464
"220","2025-3-14-PNI-algae1","3/14/2025","Antarctic Peninsula",-65.10127,-64.05016,"green",NA,45.3780726666667,1530.38316133333,2356.00781633333,4296.94606233333,5302.506489,403.031878233333,2035.79184
"221","2025-3-14-PNI-algae2","3/14/2025","Antarctic Peninsula",-65.10121,-64.04994,"green",NA,110.097380433333,1957.06454766667,3620.32139633333,7983.87368433333,6549.55329433333,573.6540031,3485.26664233333
"222","2025-3-14-PNI-algae3","3/14/2025","Antarctic Peninsula",-65.10115,-64.05106,"green",NA,10.8076417766667,689.266832166667,861.514946333333,1257.71624,1559.70103566667,97.9420196,696.9347107
"223","2025-3-14-PNI-algae4","3/14/2025","Antarctic Peninsula",-65.10096,-64.05178,"green",NA,13.8901593333333,228.590975133333,405.7131141,486.260942733333,333.6022075,43.4826694266667,270.581847766667
"224","2025-3-14-PNI-algae5","3/14/2025","Antarctic Peninsula",-65.10034,-64.04878,"green",NA,242.5447947,1023.84544033333,1679.61525733333,3041.845757,1519.11191266667,266.3622327,1280.581022
"225","2025-3-14-PNI-algae6","3/14/2025","Antarctic Peninsula",-65.10027,-64.04906,"algae-free",NA,0,0,0,5.80931866666667,0,1.89302666666667,9.65887773333333
"226","2025-3-14-PNI-algae7","3/14/2025","Antarctic Peninsula",-65.10021,-64.04852,"green",NA,0,110.54840311,268.9161231,413.414387766667,728.37687,22.2876835533333,239.823293333333
"227","2025-3-14-PNI-algae8","3/14/2025","Antarctic Peninsula",-65.09995,-64.04896,"red",NA,226.841554033333,356.711996633333,575.5553659,896.855293866667,1777.55870766667,148.7059362,501.5413718
"228","2025-3-15-DP-algae1","3/15/2025","Antarctic Peninsula",-64.81759,-63.50373,"red",NA,43.16610625,118.75877075,225.5723635,413.22729675,1321.905529,38.12862325,223.00636975
"229","2025-3-15-DP-algae2","3/15/2025","Antarctic Peninsula",-64.81727,-63.30544,"red",NA,2.46314767666667,0,71.3500581033333,106.1870144,422.312664733333,14.3165603633333,60.21396879
"230","2025-3-15-DP-algae3","3/15/2025","Antarctic Peninsula",-64.8172,-63.50681,"algae-free",NA,19.1205372366667,141.549519933333,312.103417533333,516.757586266667,491.343556633333,46.85036893,254.4553427
"231","2025-3-15-DP-algae4","3/15/2025","Antarctic Peninsula",-64.81717,-63.50692,"algae-free",NA,0,0,0,0,0,1.00566026833333,9.592060929
"232","2025-3-15-DP-algae5","3/15/2025","Antarctic Peninsula",-64.81726,-63.50746,"red",NA,18.6263186666667,0,54.109504,92.5355001333333,227.1660348,3.01709013333333,48.9990026666667
"233","2025-3-15-DP-algae6","3/15/2025","Antarctic Peninsula",-64.81674,-63.50619,"red",NA,0,67.4089411833333,244.875276566667,347.983248666667,514.942390866667,22.8590584833333,180.6167513
"234","2025-3-15-DP-algae7","3/15/2025","Antarctic Peninsula",-64.81668,-63.50583,"green",NA,21.8155884433333,1422.69803633333,3674.81754766667,6221.83477233333,8105.75787266667,305.585640566667,2854.18406933333
"235","2025-3-15-DP-algae8","3/15/2025","Antarctic Peninsula",-64.81481,-63.50442,"red",NA,94.8213651366667,459.799188466667,678.569574233333,1068.627951,2021.75126733333,120.403572033333,550.613696366667
"236","2025-3-15-DP-algae9","3/15/2025","Antarctic Peninsula",-64.8149,-63.50391,"red",NA,7.59453506666667,46.9100857333333,113.7943376,148.669408266667,500.732770666667,17.0305610666667,93.4791321333333
"237","2025-3-15-DP-algae10","3/15/2025","Antarctic Peninsula",-64.81508,-63.50348,"red",NA,147.962366266667,415.347760766667,553.588623033333,838.388882066667,3220.66687766667,112.450980933333,567.260494666667
"238","2025-3-16-NH-algae1","3/16/2025","Antarctic Peninsula",-64.84504,-62.52899,"red",NA,NA,NA,NA,NA,NA,NA,NA
"239","2025-3-16-NH-algae2","3/16/2025","Antarctic Peninsula",-64.84496,-62.52764,"red",NA,NA,NA,NA,NA,NA,NA,NA
"240","2025-3-16-NH-algae3","3/16/2025","Antarctic Peninsula",-64.84508,-62.52747,"red",NA,NA,NA,NA,NA,NA,NA,NA
"241","2025-3-16-NH-algae4","3/16/2025","Antarctic Peninsula",-64.8448,-62.52658,"algae-free",NA,NA,NA,NA,NA,NA,NA,NA
