SampleID,Location,Color,Astaxanthin,Lutein,ChlA,ChlB,BetaC,Pheophorbide,Pheophytin
2025-02-16-PC-algae1-pig-a,Antarctic Peninsula,,0,0,0,2.163180308,0,0.886216,7.576941846
2025-02-16-PC-algae1-pig-b,Antarctic Peninsula,,0,0,0,1.201601333,0,0.983096,7.772332667
2025-02-16-PC-algae1-pig-c,Antarctic Peninsula,,0,0,0,0.447304,0,1.06457725,4.2394375
2025-02-16-PC-algae2-pig-a,Antarctic Peninsula,,0,0,0,0,0,1.06851725,8.246573
2025-02-16-PC-algae2-pig-b,Antarctic Peninsula,,0,0,0,0,0,1.0197196,8.84295
2025-02-16-PC-algae2-pig-c,Antarctic Peninsula,,0,0,0,0,0,1.196779636,13.59582364
2025-02-16-PC-algae3-pig-a,Antarctic Peninsula,,0,0,0,1.098727619,0,1.241385333,12.80085486
2025-02-16-PC-algae3-pig-b,Antarctic Peninsula,,0,0,0,0.198366087,0,1.290373217,18.16090539
2025-02-16-PC-algae3-pig-c,Antarctic Peninsula,,0,0,0,0.145428,0,0.854094476,10.88313619
2025-02-19-SI-algae1-pig-a,Antarctic Peninsula,,61.33881333,2223.505359,2205.921986,3837.467345,1205.723581,193.2066373,1334.157124
2025-02-19-SI-algae1-pig-b,Antarctic Peninsula,,97.716236,1814.64087,2269.92219,4733.378931,935.3845531,274.60564,1387.661342
2025-02-19-SI-algae1-pig-c,Antarctic Peninsula,,71.9279175,1398.601855,1709.406966,3537.328476,686.4799835,188.723867,1124.716077
2025-02-19-SI-algae2-pig-a,Antarctic Peninsula,,20.4887785,242.0797042,169.2104267,338.360591,40.20720833,31.99481583,115.3806117
2025-02-19-SI-algae2-pig-b,Antarctic Peninsula,,11.76684359,105.7471752,93.80963324,183.0337033,15.7065069,18.8095371,68.99944221
2025-02-19-SI-algae2-pig-c,Antarctic Peninsula,,5.33549625,108.670674,90.7414605,155.6771045,0,18.34170625,55.4634195
2025-02-19-SI-algae3-pig-a,Antarctic Peninsula,,0,887.9211487,1225.474144,2848.750741,416.4140055,39.25983564,895.1312495
2025-02-19-SI-algae3-pig-b,Antarctic Peninsula,,0,763.2931189,946.4999286,1660.417693,244.4283131,21.687152,684.8563863
2025-02-19-SI-algae3-pig-c,Antarctic Peninsula,,0,1314.243519,1422.391014,3307.501888,501.3357473,46.40311106,1063.637057
2025-02-19-SI-algae4-pig-a,Antarctic Peninsula,,0,74.015754,75.01019533,122.163706,186.0948927,11.189998,51.75367867
2025-02-19-SI-algae4-pig-b,Antarctic Peninsula,,0.476241548,147.4912537,61.4397791,135.4640681,211.3008341,10.07008852,54.0763151
2025-02-19-SI-algae4-pig-c,Antarctic Peninsula,,0,76.0208792,40.7933144,114.0932164,117.8219768,8.387918,40.1980604
2025-02-19-SI-algae5-pig-a,Antarctic Peninsula,,0,0,30.027628,56.18811354,39.84019692,2.628213538,23.42460308
2025-02-19-SI-algae5-pig-b,Antarctic Peninsula,,0,0,11.82574246,18.67361785,0.056120308,4.349309846,44.28178492
2025-02-19-SI-algae5-pig-c,Antarctic Peninsula,,0,0,17.85162167,19.15535933,1.742428,1.568433,11.82832033
2025-02-19-SI-algae6-pig-a,Antarctic Peninsula,,0,387.4794713,804.2298563,1296.019728,506.342232,37.50573023,437.4471969
2025-02-19-SI-algae6-pig-b,Antarctic Peninsula,,0,411.1938309,700.9821914,1196.541498,490.5658961,38.52784006,417.8685431
2025-02-19-SI-algae6-pig-c,Antarctic Peninsula,,0,336.8012297,783.6080486,1293.103177,485.2532049,31.76010731,435.8252706
2025-02-19-SI-algae7-pig-a,Antarctic Peninsula,,0,2809.215336,3533.532661,8980.548454,4213.409866,394.467149,3250.730112
2025-02-19-SI-algae7-pig-b,Antarctic Peninsula,,0,2887.719735,3623.503929,6357.973132,4108.871713,455.5921316,3944.572237
2025-02-19-SI-algae7-pig-c,Antarctic Peninsula,,0,2655.385286,3303.023096,6556.143968,3728.118954,400.6828602,3906.24
2025-02-21-HI-algae1-pig-a,Antarctic Peninsula,,122.4571827,575.0691879,530.9408901,1209.946853,145.1482062,14.7449274,363.8240733
2025-02-21-HI-algae1-pig-b,Antarctic Peninsula,,148.8735016,616.2930562,544.1740276,1282.141156,176.991639,17.5119868,318.2553598
2025-02-21-HI-algae2-pig-a,Antarctic Peninsula,,10.15592356,1697.785149,3629.972043,7164.5395,984.9520347,186.0932142,1690.534929
2025-02-21-HI-algae2-pig-b,Antarctic Peninsula,,3.822113778,2742.735087,3920.602941,7282.775152,1129.699317,184.4252027,1727.995717
2025-02-21-HI-algae2-pig-c,Antarctic Peninsula,,6.015938667,2577.490629,3621.653616,7674.587052,1302.660922,161.5341084,1776.190087
2025-02-21-HI-algae3-pig-a,Antarctic Peninsula,,236.0998578,1035.118473,1071.529349,2972.192872,261.0744374,21.07416529,518.0922448
2025-02-21-HI-algae3-pig-b,Antarctic Peninsula,,323.559263,1304.076731,1078.243365,3864.614553,738.3172053,32.262772,639.3546557
2025-02-21-HI-algae3-pig-c,Antarctic Peninsula,,398.672508,1216.766052,2001.790841,4365.994836,0,49.96686969,1397.668449
2025-02-21-HI-algae4-pig-a,Antarctic Peninsula,,37.14179,1366.149881,1340.90991,3272.872404,521.710596,83.4989385,769.285621
2025-02-21-HI-algae4-pig-b,Antarctic Peninsula,,66.34592427,1427.425491,1677.489642,3991.917953,767.9815589,97.0876832,920.8977205
2025-02-21-HI-algae4-pig-c,Antarctic Peninsula,,20.62401745,1035.1455,1366.396241,2655.137341,499.158792,85.84888436,944.9345462
2025-02-21-HI-algae5-pig-a,Antarctic Peninsula,,0,718.4326599,1001.721361,1539.614829,198.1014617,20.408517,551.5564569
2025-02-21-HI-algae5-pig-b,Antarctic Peninsula,,0,652.6289626,1029.079536,1754.859268,240.6826966,30.88106257,455.4706314
2025-02-21-HI-algae5-pig-c,Antarctic Peninsula,,0,618.4495707,1169.560568,1848.434765,207.8263806,40.0084923,551.8332321
2025-02-21-HI-algae6-pig-a,Antarctic Peninsula,,64.03104175,529.0394145,510.1525143,1061.365634,161.1187998,14.817018,294.0446213
2025-02-21-HI-algae6-pig-b,Antarctic Peninsula,,82.97205419,498.8333868,415.8515301,908.8027991,225.6360883,15.35899948,342.0193945
2025-02-21-HI-algae6-pig-c,Antarctic Peninsula,,89.47172166,503.1375234,476.6947832,1126.659071,251.6978588,18.34054717,342.587372
2025-02-21-HI-algae7-pig-a,Antarctic Peninsula,,0,0,0,0,0,0.613723742,2.395425161
2025-02-21-HI-algae7-pig-b,Antarctic Peninsula,,0,0,0,0,0,0.842018824,10.96521506
2025-02-21-HI-algae7-pig-c,Antarctic Peninsula,,0,0,0,0.272286667,0,0.510748444,4.217189333
2025-02-21-HI-algae8-pig-a,Antarctic Peninsula,,84.944888,381.1636648,285.0669082,763.5712356,140.5103029,4.817104571,252.8149912
2025-02-21-HI-algae8-pig-b,Antarctic Peninsula,,78.7808946,429.0423734,341.4087848,834.3198588,130.0368916,5.628144,261.9906742
2025-02-21-HI-algae8-pig-c,Antarctic Peninsula,,106.6515349,395.1083476,354.8302164,952.7467792,157.4136423,5.803258095,311.9024114
2025-02-21-HI-algae9-pig-a,Antarctic Peninsula,,0,0,0,2.87887136,0,0.65249136,3.95864864
2025-02-21-HI-algae9-pig-b,Antarctic Peninsula,,0,0,0,0.7202752,0,1.1707484,8.968764
2025-02-21-HI-algae9-pig-c,Antarctic Peninsula,,0,0,0,0,0,1.2948904,5.056287733
2025-02-23-DP-algae1-pig-a,Antarctic Peninsula,,183.8210071,1410.055115,1344.766524,3006.808485,2107.286582,122.1140249,1044.632227
2025-02-23-DP-algae1-pig-b,Antarctic Peninsula,,192.9322793,1480.083918,1413.693037,2997.232077,1887.823522,91.836952,1011.629717
2025-02-23-DP-algae1-pig-c,Antarctic Peninsula,,164.6757013,1318.708058,1383.680216,2856.080727,1750.537741,88.824464,932.0734107
2025-02-23-DP-algae2-pig-a,Antarctic Peninsula,,45.85507429,337.9133577,245.1098514,541.7624714,640.4737697,25.507424,173.7456537
2025-02-23-DP-algae2-pig-b,Antarctic Peninsula,,65.55633371,284.4419646,234.8785611,576.3817091,661.94578,23.85249486,200.3757326
2025-02-23-DP-algae2-pig-c,Antarctic Peninsula,,71.09776431,304.8205298,234.1243108,509.1028363,586.5171631,30.86909169,154.9983452
2025-02-23-DP-algae3-pig-a,Antarctic Peninsula,,76.11971775,1575.523016,1107.828956,2472.700177,1294.581794,47.958591,966.724023
2025-02-23-DP-algae3-pig-b,Antarctic Peninsula,,63.23176329,1246.677466,982.014516,2352.939342,1070.802375,48.35384957,531.0850341
2025-02-23-DP-algae3-pig-c,Antarctic Peninsula,,74.02932046,1460.433858,1111.208639,2440.883853,1053.823344,48.08629154,594.7583838
2025-02-23-DP-algae4-pig-a,Antarctic Peninsula,,10.2825156,0,13.530278,18.0107352,11.9315616,1.8868792,17.0754228
2025-02-23-DP-algae4-pig-b,Antarctic Peninsula,,0,0,0,12.51825176,0.393857647,1.369268,9.224148471
2025-02-23-DP-algae4-pig-c,Antarctic Peninsula,,0,0,0,17.8393416,0,2.331256267,10.89116373
2025-02-23-DP-algae5-pig-a,Antarctic Peninsula,,462.0589608,2330.866483,1730.388182,4662.049171,2853.909574,154.2030376,916.7709544
2025-02-23-DP-algae5-pig-b,Antarctic Peninsula,,462.2023858,2847.725273,1958.464083,4929.226483,3019.203614,157.6775244,897.0146142
2025-02-23-DP-algae5-pig-c,Antarctic Peninsula,,406.82942,2479.047778,1913.27827,4683.306055,3327.469642,136.689841,898.562195
2025-02-23-DP-algae6-pig-a,Antarctic Peninsula,,370.3339943,2999.939786,3460.034577,7140.928834,2492.088803,198.3339383,1766.186014
2025-02-23-DP-algae6-pig-b,Antarctic Peninsula,,385.7825665,2754.950618,2642.134165,6218.431876,2224.623398,170.5410291,1571.038694
2025-02-23-DP-algae6-pig-c,Antarctic Peninsula,,423.462609,2806.178874,2971.204014,7075.864188,2439.290132,209.324489,1614.320292
2025-02-23-DP-algae7-pig-a,Antarctic Peninsula,,106.940014,1420.148078,1785.03328,2672.699974,2966.420194,84.17247,1070.445488
2025-02-23-DP-algae7-pig-b,Antarctic Peninsula,,181.015022,1592.87841,1278.532634,2747.829794,3258.039172,87.904486,1068.238734
2025-02-23-DP-algae7-pig-c,Antarctic Peninsula,,172.3432729,1594.875573,1497.7027,2467.285614,2572.74917,83.57667714,1021.511359
2025-02-23-DP-algae8-pig-a,Antarctic Peninsula,,807.7464,8401.12302,13243.95644,26513.13703,11833.92488,894.7330171,8293.585277
2025-02-23-DP-algae8-pig-b,Antarctic Peninsula,,474.0010367,7560.947517,10896.16961,19559.35347,9680.207063,667.88984,5940.422777
2025-02-23-DP-algae8-pig-c,Antarctic Peninsula,,659.08326,7126.189397,11677.12299,20267.70563,9304.689203,642.8169133,6359.133913
2025-02-23-DP-algae9-pig-a,Antarctic Peninsula,,0.272129143,0,0,6.944363429,0,0.996875143,13.25804
2025-02-23-DP-algae9-pig-b,Antarctic Peninsula,,0,0,0,1.734002286,0,0.848184571,7.794762571
2025-02-23-DP-algae9-pig-c,Antarctic Peninsula,,0,0,0,0,0,0.599699733,4.292826133
2025-02-23-DP-algae10-pig-a,Antarctic Peninsula,,245.339539,142.0148415,328.5812575,450.7290045,23.4423275,16.1118735,151.5480485
2025-02-23-DP-algae10-pig-b,Antarctic Peninsula,,239.5490142,135.8917594,306.9899634,368.057848,56.56287262,20.35595077,149.3375286
2025-02-23-DP-algae10-pig-c,Antarctic Peninsula,,280.348996,127.8692963,329.1652853,495.5511677,48.534217,20.65236433,188.800509
2025-02-23-DP-algae11-pig-a,Antarctic Peninsula,,110.5727779,542.2338733,1160.077483,2432.28533,409.6912573,172.522764,724.0634859
2025-02-23-DP-algae11-pig-b,Antarctic Peninsula,,110.8993288,648.0370712,1307.483426,2803.013136,530.7811596,242.9770516,821.3932196
2025-02-23-DP-algae11-pig-c,Antarctic Peninsula,,84.42968844,674.7697747,1507.324882,2889.61517,577.8092431,271.0551373,862.125748
2025-02-24-DA-algae1-pig-a,Antarctic Peninsula,,0,276.346617,793.257438,1419.584409,1048.103084,30.221146,668.09875
2025-02-24-DA-algae1-pig-b,Antarctic Peninsula,,0,479.7995015,1002.069346,2227.154828,1239.534568,39.49451077,1031.471928
2025-02-24-DA-algae1-pig-c,Antarctic Peninsula,,0,0,1093.206006,2224.00716,1318.533316,31.466795,945.7441075
2025-02-24-DA-algae2-pig-a,Antarctic Peninsula,,0,0,716.7020013,1325.733728,1157.293492,12.18406667,641.4211027
2025-02-24-DA-algae2-pig-b,Antarctic Peninsula,,134.4776553,1548.430945,523.22866,1508.076641,1050.421347,23.40945412,759.4199424
2025-02-24-DA-algae2-pig-c,Antarctic Peninsula,,266.4762507,0,705.833224,1559.632579,1320.760255,61.21467067,817.938748
2025-02-24-DA-algae3-pig-a,Antarctic Peninsula,,0,0,102.7285962,266.7911743,438.8315152,11.09469714,106.3078686
2025-02-24-DA-algae3-pig-b,Antarctic Peninsula,,0,0,0,188.9952883,328.5462633,15.181135,105.6180483
2025-02-24-DA-algae3-pig-c,Antarctic Peninsula,,0,0,172.3031412,232.8387518,474.6322341,11.89857176,116.2119918
2025-02-24-DA-algae4-pig-a,Antarctic Peninsula,,0,1418.560023,12518.38017,28508.26478,16341.90231,96.93417143,12407.01543
2025-02-24-DA-algae4-pig-b,Antarctic Peninsula,,3.5211075,3202.14609,11351.03852,27108.09573,15227.41963,237.8825125,12623.87102
2025-02-24-DA-algae4-pig-c,Antarctic Peninsula,,238.44011,12293.36385,13704.71621,30293.75176,16731.65299,1518.830037,11742.66111
2025-02-24-DA-algae5-pig-a,Antarctic Peninsula,,156.927225,2994.678663,2626.339055,5123.572243,5275.841698,203.02101,1824.518443
2025-02-24-DA-algae5-pig-b,Antarctic Peninsula,,384.95056,3901.800583,3720.316678,6921.807847,5877.130548,248.475095,2095.296965
2025-02-24-DA-algae5-pig-c,Antarctic Peninsula,,364.5515109,5029.412833,3327.590427,6672.366116,5262.118318,249.75606,2086.971869
2025-02-24-DA-algae6-pig-a,Antarctic Peninsula,,12.21864857,2201.393076,2907.877521,4567.616151,2062.882616,117.6717657,1580.455933
2025-02-24-DA-algae6-pig-b,Antarctic Peninsula,,10.982994,2064.79285,2945.476081,4936.106088,2164.682029,177.738872,1383.393112
2025-02-24-DA-algae6-pig-c,Antarctic Peninsula,,0,2196.29344,2793.19687,4647.560604,2693.22285,124.66747,1553.96107
2025-02-24-DA-algae7-pig-a,Antarctic Peninsula,,0,0,1.6985945,16.67504925,5.21754775,1.64601625,11.1592365
2025-02-24-DA-algae7-pig-b,Antarctic Peninsula,,0,0,0,17.254204,5.902274133,1.410889067,12.05596773
2025-02-24-DA-algae7-pig-c,Antarctic Peninsula,,0,0,0,26.77887015,2.473182769,1.749282462,12.13624154
2025-02-25-OH-algae1-pig-a,Antarctic Peninsula,,33.11204471,2782.961887,3429.500949,5546.658771,2299.587751,96.79266824,1789.081156
2025-02-25-OH-algae1-pig-b,Antarctic Peninsula,,47.34814625,2441.535746,3801.307778,6502.522945,3041.15717,114.9324775,2102.465825
2025-02-25-OH-algae1-pig-c,Antarctic Peninsula,,29.37761833,3599.714287,3803.702118,6273.162892,3099.240293,124.1201983,2033.631025
2025-02-25-OH-algae2-pig-a,Antarctic Peninsula,,55.53385818,2899.068242,3666.120915,6401.270724,2241.108735,162.9532164,2082.036384
2025-02-25-OH-algae2-pig-b,Antarctic Peninsula,,24.79043818,2998.684536,4030.857184,6517.914942,2307.484795,168.7202091,2140.446555
2025-02-25-OH-algae2-pig-c,Antarctic Peninsula,,0,2935.040251,4285.044984,6380.480578,2705.540711,166.0310927,2072.353276
2025-02-25-OH-algae3-pig-a,Antarctic Peninsula,,127.1246733,0,70.98883467,218.2331973,73.63282533,16.76410267,91.21902267
2025-02-25-OH-algae3-pig-b,Antarctic Peninsula,,121.79509,0,116.915987,254.060716,79.338826,15.512096,95.261932
2025-02-25-OH-algae3-pig-c,Antarctic Peninsula,,126.439092,0,175.892573,239.814517,119.494982,15.667989,95.635136
2025-02-25-OH-algae4-pig-a,Antarctic Peninsula,,0,0,0,4.247525333,0,0.7263672,5.761998133
2025-02-25-OH-algae4-pig-b,Antarctic Peninsula,,0,0,0,5.212501895,0,0.767159158,5.780069263
2025-02-25-OH-algae4-pig-c,Antarctic Peninsula,,0,0,0,8.190259667,0,1.025144333,10.88733467
2025-03-04-PI-algae1-pig-a,Antarctic Peninsula,,389.2671743,2230.877076,2595.873414,4269.716266,2661.82118,177.00831,1264.009344
2025-03-04-PI-algae1-pig-b,Antarctic Peninsula,,368.4097418,2816.691949,2656.296798,4008.43902,2670.443364,190.3339964,1242.313229
2025-03-04-PI-algae1-pig-c,Antarctic Peninsula,,425.5250233,2510.607262,2640.754055,4656.266407,2837.056442,201.188495,1403.86486
2025-03-04-PI-algae2-pig-a,Antarctic Peninsula,,0,2571.056314,2039.865127,5257.105841,2084.86976,135.35705,1637.869437
2025-03-04-PI-algae2-pig-b,Antarctic Peninsula,,0,2407.497706,1802.464119,4910.901402,1738.674602,120.417526,1471.163219
2025-03-04-PI-algae2-pig-c,Antarctic Peninsula,,0,2277.565776,1916.251373,5084.505979,1574.169134,109.4762329,1496.690172
2025-03-04-PI-algae3-pig-a,Antarctic Peninsula,,438.43338,6582.727566,5774.279214,10431.42981,5745.878183,469.7803971,4707.953143
2025-03-04-PI-algae3-pig-b,Antarctic Peninsula,,400.0020086,5552.687126,5234.552617,9071.67366,4988.291143,427.34384,3971.657606
2025-03-04-PI-algae3-pig-c,Antarctic Peninsula,,630.3057925,7094.741918,6468.310005,10544.28155,5195.96537,550.4104625,3821.246735
2025-03-04-PI-algae4-pig-a,Antarctic Peninsula,,0,0,20.940548,33.324549,0.441212667,3.284038333,19.70832
2025-03-04-PI-algae4-pig-b,Antarctic Peninsula,,0,0,14.80666114,36.28662057,0,4.348981143,19.74333371
2025-03-04-PI-algae4-pig-c,Antarctic Peninsula,,0,16.192614,41.57178857,47.431492,3.023504571,6.054283714,22.87933829
2025-03-04-PI-algae5-pig-a,Antarctic Peninsula,,167.5434693,588.8472353,548.087796,1140.644163,599.4043307,67.70028933,425.149166
2025-03-04-PI-algae5-pig-b,Antarctic Peninsula,,166.255542,764.9101173,352.26258,993.7559473,764.6483147,48.41163667,393.3729507
2025-03-04-PI-algae5-pig-c,Antarctic Peninsula,,183.9434128,564.0705848,342.6710944,998.9627576,671.2714768,64.5634248,412.95848
2025-03-04-PI-algae6-pig-a,Antarctic Peninsula,,203.7910752,1449.432898,1568.575319,3126.121731,726.7520464,105.708156,1273.102586
2025-03-04-PI-algae6-pig-b,Antarctic Peninsula,,273.761994,1857.392952,1658.495813,3372.762048,821.014521,99.943303,1428.406049
2025-03-04-PI-algae6-pig-c,Antarctic Peninsula,,246.4952888,1797.770958,1539.364482,3122.46072,745.7853448,109.1264984,1306.879542
2025-03-05-DP-algae1-pig-a,Antarctic Peninsula,,18.34647877,97.71632123,97.32439815,203.3263809,243.1003637,15.61366831,87.17537662
2025-03-05-DP-algae1-pig-b,Antarctic Peninsula,,36.01176923,138.1217194,138.5907052,238.4985502,272.1356025,20.35187385,104.2526812
2025-03-05-DP-algae1-pig-c,Antarctic Peninsula,,35.12092693,225.5262464,97.7424912,238.5911349,348.3713589,13.79257653,91.07877387
2025-03-05-DP-algae2-pig-a,Antarctic Peninsula,,736.880204,12880.90328,10079.17471,22801.98638,11403.63556,791.440092,6363.9094
2025-03-05-DP-algae2-pig-b,Antarctic Peninsula,,1242.872355,18449.01448,12641.7131,29412.4829,15002.32731,1046.232445,8145.922125
2025-03-05-DP-algae2-pig-c,Antarctic Peninsula,,1006.40972,13447.5839,10879.03584,24227.49495,13359.07382,769.201924,7123.714776
2025-03-05-DP-algae3-pig-a,Antarctic Peninsula,,25.10763556,3536.460398,3811.998038,6194.636371,2489.842009,159.9851556,2286.43378
2025-03-05-DP-algae3-pig-b,Antarctic Peninsula,,78.135214,4234.49459,4692.393432,7291.612536,2769.779566,178.02927,2692.693358
2025-03-05-DP-algae3-pig-c,Antarctic Peninsula,,34.80768889,3496.835153,4075.851302,6554.266544,2134.412833,166.8262578,2286.091664
2025-03-05-DP-algae4-pig-a,Antarctic Peninsula,,658.8651044,4931.983158,4457.191051,12430.23358,7863.702809,406.2549089,3742.117571
2025-03-05-DP-algae4-pig-b,Antarctic Peninsula,,623.19976,4946.201158,5140.64016,11277.4477,7631.95586,379.9195975,4189.57148
2025-03-05-DP-algae4-pig-c,Antarctic Peninsula,,491.7605867,5030.865496,4647.976413,10921.17259,7480.390778,393.3543644,3650.048562
2025-03-05-DP-algae5-pig-a,Antarctic Peninsula,,0,0,0,1.9038465,0,0.8156535,5.39023025
2025-03-05-DP-algae5-pig-b,Antarctic Peninsula,,0,0,0,2.771387111,0,1.1201,8.781237778
2025-03-05-DP-algae5-pig-c,Antarctic Peninsula,,0,0,0,1.859496333,3.885766333,1.111412667,6.678708333
2025-03-05-DP-algae6-pig-a,Antarctic Peninsula,,6.126764,3813.230044,3235.397748,7062.30365,3896.832022,243.66114,2605.246254
2025-03-05-DP-algae6-pig-b,Antarctic Peninsula,,5.933426667,3137.421703,2796.569992,6108.533632,2851.454612,232.311035,2318.98259
2025-03-05-DP-algae6-pig-c,Antarctic Peninsula,,1.58601,3103.029012,3151.894237,7447.299975,2831.90501,258.9898817,2398.6587
2025-03-05-DP-algae7-pig-a,Antarctic Peninsula,,60.0068064,0,161.9195808,331.438512,92.00892,20.7455032,130.8192928
2025-03-05-DP-algae7-pig-b,Antarctic Peninsula,,155.4252658,280.891128,238.3373884,613.2829298,263.9212036,27.03326044,222.7813938
2025-03-05-DP-algae7-pig-c,Antarctic Peninsula,,139.4074269,56.03066114,212.1727189,488.2791051,245.4836171,21.27148514,181.7026914
2025-03-06-OH-algae1-pig-a,Antarctic Peninsula,,0,2166.503744,2659.380527,5691.243204,2367.026944,111.7335133,1952.430604
2025-03-06-OH-algae1-pig-b,Antarctic Peninsula,,0,1864.13675,2483.441733,4609.08703,2249.656538,97.956965,1767.199675
2025-03-06-OH-algae1-pig-c,Antarctic Peninsula,,0,1710.270102,1719.522693,3388.223656,1735.502118,77.37987636,1303.953638
2025-03-06-OH-algae2-pig-a,Antarctic Peninsula,,24.13341333,1810.057362,1827.738395,3625.579613,2453.242802,115.0546083,1296.899965
2025-03-06-OH-algae2-pig-b,Antarctic Peninsula,,22.63142111,1593.431181,1666.967891,3332.950258,2420.688294,97.64611667,1157.012269
2025-03-06-OH-algae2-pig-c,Antarctic Peninsula,,14.55839,1893.655717,1789.420973,3666.643913,2731.582673,108.76725,1349.431482
2025-03-06-OH-algae3-pig-a,Antarctic Peninsula,,42.04262182,851.8297291,812.0474629,1602.703699,997.3414375,67.72775527,625.5725611
2025-03-06-OH-algae3-pig-b,Antarctic Peninsula,,22.45222473,802.9647127,651.6579378,1208.524134,723.4212124,52.75561018,591.446272
2025-03-06-OH-algae3-pig-c,Antarctic Peninsula,,18.76190545,713.1969953,690.1346211,1192.389874,614.0054935,38.61360873,524.9196767
2025-03-06-OH-algae4-pig-a,Antarctic Peninsula,,0,861.6969764,1520.0496,2638.603425,1003.163767,78.15013818,976.3537727
2025-03-06-OH-algae4-pig-b,Antarctic Peninsula,,0,1088.893185,1734.405643,2759.809286,1162.719902,84.80206462,1079.842388
2025-03-06-OH-algae4-pig-c,Antarctic Peninsula,,0,1137.99366,1339.189345,2624.116945,1013.676409,89.13928091,1024.120432
2025-03-06-OH-algae5-pig-a,Antarctic Peninsula,,0,0,3.170215556,24.14283622,13.70847467,2.178478667,14.01661067
2025-03-06-OH-algae5-pig-b,Antarctic Peninsula,,0,0,0,10.88293323,13.53556585,2.892377231,12.79823538
2025-03-06-OH-algae5-pig-c,Antarctic Peninsula,,0,0,0,13.67098143,16.372334,2.798454571,14.55839629
2025-03-07-NH-algae1-pig-a,Antarctic Peninsula,,0.085479429,0,48.00909371,104.8088366,54.186768,9.125176,63.81122743
2025-03-07-NH-algae1-pig-b,Antarctic Peninsula,,1.015486286,39.93893029,42.82597886,96.54739114,80.51804886,7.435123143,50.54762571
2025-03-07-NH-algae1-pig-c,Antarctic Peninsula,,0.76005175,35.44113475,34.51032725,86.46533875,39.05100525,5.31579025,41.080102
2025-03-07-NH-algae2-pig-a,Antarctic Peninsula,,0,0,0,3.470457778,0,1.274537778,9.650080444
2025-03-07-NH-algae2-pig-b,Antarctic Peninsula,,0,0,0,0.662510462,0,0.704513846,5.899672308
2025-03-07-NH-algae2-pig-c,Antarctic Peninsula,,0,0,0,0,0,0.839899077,5.384751077
2025-03-07-NH-algae3-pig-a,Antarctic Peninsula,,0,0,0,0.200932444,0,1.340336444,7.305245333
2025-03-07-NH-algae3-pig-b,Antarctic Peninsula,,0,0,0,0,0,0.584387294,3.815631059
2025-03-07-NH-algae3-pig-c,Antarctic Peninsula,,0,0,0,5.28E-03,0,0.781573,5.105492
2025-3-14-PNI-algae1-pig-a,Antarctic Peninsula,,33.831076,1727.177232,2496.603852,4135.882597,3992.318259,391.675914,2035.521016
2025-3-14-PNI-algae1-pig-b,Antarctic Peninsula,,31.85711933,1385.82646,2019.846173,3842.732489,5422.804263,382.428842,1837.934303
2025-3-14-PNI-algae1-pig-c,Antarctic Peninsula,,70.44602267,1478.145792,2551.573424,4912.223101,6492.396945,434.9908787,2233.920201
2025-3-14-PNI-algae2-pig-a,Antarctic Peninsula,,112.242776,1946.444827,3548.002781,7828.095453,5734.868951,572.91771,3512.391197
2025-3-14-PNI-algae2-pig-b,Antarctic Peninsula,,102.3831733,2025.777073,3610.704475,7841.294773,7420.779613,570.4280413,3589.894051
2025-3-14-PNI-algae2-pig-c,Antarctic Peninsula,,115.666192,1898.971743,3702.256933,8282.230827,6493.011319,577.616258,3353.514679
2025-3-14-PNI-algae3-pig-a,Antarctic Peninsula,,10.079796,759.39772,842.2187127,1202.972961,1513.484403,101.1663653,682.5760253
2025-3-14-PNI-algae3-pig-b,Antarctic Peninsula,,0,686.1385925,764.756805,1010.233588,1030.501407,73.1719875,545.4093875
2025-3-14-PNI-algae3-pig-c,Antarctic Peninsula,,22.34312933,622.264184,977.5693213,1559.942171,2135.117297,119.487706,862.8187193
2025-3-14-PNI-algae4-pig-a,Antarctic Peninsula,,8.256388,274.4509364,387.2802938,480.2974147,435.848048,45.94498978,267.4135173
2025-3-14-PNI-algae4-pig-b,Antarctic Peninsula,,28.1836185,215.9227775,448.6958455,499.1945505,277.844168,43.6922705,262.872587
2025-3-14-PNI-algae4-pig-c,Antarctic Peninsula,,5.2304715,195.3992115,381.163203,479.290863,287.1144065,40.810748,281.459439
2025-3-14-PNI-algae5-pig-a,Antarctic Peninsula,,222.0558787,1092.344234,1753.216453,3100.781015,1215.272998,290.2979747,1278.140403
2025-3-14-PNI-algae5-pig-b,Antarctic Peninsula,,289.1399507,1008.075539,1780.676357,3270.360917,1914.204615,259.3051327,1411.556192
2025-3-14-PNI-algae5-pig-c,Antarctic Peninsula,,216.4385547,971.116548,1504.952962,2754.395339,1427.858125,249.4835907,1152.046471
2025-3-14-PNI-algae6-pig-a,Antarctic Peninsula,,0,0,0,3.8654092,0,2.1955648,11.8707492
2025-3-14-PNI-algae6-pig-b,Antarctic Peninsula,,0,0,0,3.5977964,0,1.6422508,7.8551384
2025-3-14-PNI-algae6-pig-c,Antarctic Peninsula,,0,0,0,9.9647504,0,1.8412644,9.2507456
2025-3-14-PNI-algae7-pig-a,Antarctic Peninsula,,0,50.80147933,176.2188,266.2569593,528.207072,10.85560533,155.2556207
2025-3-14-PNI-algae7-pig-b,Antarctic Peninsula,,0,158.092316,248.9204393,476.596646,792.3647607,29.22152533,285.10058
2025-3-14-PNI-algae7-pig-c,Antarctic Peninsula,,0,122.751414,381.60913,497.389558,864.5587773,26.78592,279.1136793
2025-3-14-PNI-algae8-pig-a,Antarctic Peninsula,,220.2162316,358.3907804,551.8277772,885.6010616,1776.227969,145.7882276,517.1323124
2025-3-14-PNI-algae8-pig-b,Antarctic Peninsula,,225.3051755,297.8316895,545.019545,848.982503,1675.047258,147.373293,456.31238
2025-3-14-PNI-algae8-pig-c,Antarctic Peninsula,,235.003255,413.91352,629.8187755,955.982317,1881.400896,152.956288,531.179423
2025-3-15-DP-algae1-pig-a,Antarctic Peninsula,,53.523355,110.4136905,222.9612615,391.027127,1062.357429,34.1846635,212.1297385
2025-3-15-DP-algae1-pig-c,Antarctic Peninsula,,32.8088575,127.103851,228.1834655,435.4274665,1581.453629,42.072583,233.883001
2025-3-15-DP-algae2-pig-a,Antarctic Peninsula,,0,0,73.05971267,100.9000573,433.8693127,12.941118,54.34856467
2025-3-15-DP-algae2-pig-b,Antarctic Peninsula,,0,0,58.32244467,111.8581907,408.8966833,13.50242733,61.65841867
2025-3-15-DP-algae2-pig-c,Antarctic Peninsula,,7.38944303,0,82.66801697,105.8027952,424.1719982,16.50613576,64.63492303
2025-3-15-DP-algae3-pig-a,Antarctic Peninsula,,27.84942171,154.1849383,334.0019291,505.1919863,445.0125554,49.30899029,260.2161931
2025-3-15-DP-algae3-pig-b,Antarctic Peninsula,,15.2088535,157.4655135,305.075183,555.2149885,601.938388,50.176658,265.947411
2025-3-15-DP-algae3-pig-c,Antarctic Peninsula,,14.3033365,112.998108,297.2331405,489.865784,427.0797265,41.0654585,237.202424
2025-3-15-DP-algae4-pig-a,Antarctic Peninsula,,0,0,0,0,0,0,10.14884
2025-3-15-DP-algae4-pig-b,Antarctic Peninsula,,0,0,0,0,0,1.508037647,9.389526471
2025-3-15-DP-algae4-pig-c,Antarctic Peninsula,,0,0,0,0,0,1.508943158,9.237816316
2025-3-15-DP-algae5-pig-a,Antarctic Peninsula,,22.043494,0,58.2284212,89.7837704,225.9473564,2.7037652,50.24935
2025-3-15-DP-algae5-pig-b,Antarctic Peninsula,,17.1493328,0,54.2807468,89.4109016,217.1426036,3.403798,44.1870056
2025-3-15-DP-algae5-pig-c,Antarctic Peninsula,,16.6861292,0,49.819344,98.4118284,238.4081444,2.9437072,52.5606524
2025-3-15-DP-algae6-pig-a,Antarctic Peninsula,,0,71.91652421,215.9193921,366.3366853,512.3523226,22.28763263,185.8612384
2025-3-15-DP-algae6-pig-b,Antarctic Peninsula,,0,92.32423355,290.6414123,432.9525465,702.2142574,24.56044387,214.0668213
2025-3-15-DP-algae6-pig-c,Antarctic Peninsula,,0,37.98606579,228.0650253,244.6605142,330.2605926,21.72909895,141.9221942
2025-3-15-DP-algae7-pig-a,Antarctic Peninsula,,18.140872,1479.183228,3687.108612,6743.637166,9010.01244,357.351571,3166.915347
2025-3-15-DP-algae7-pig-b,Antarctic Peninsula,,24.57827733,1472.917085,3918.1893,6084.503671,7140.055135,304.2308107,2794.382964
2025-3-15-DP-algae7-pig-c,Antarctic Peninsula,,22.727616,1315.993796,3419.154731,5837.36348,8167.206043,255.17454,2601.253897
2025-3-15-DP-algae8-pig-a,Antarctic Peninsula,,74.39697762,483.315149,625.8363348,1027.403006,2250.236155,112.694771,481.6763562
2025-3-15-DP-algae8-pig-b,Antarctic Peninsula,,132.7591955,454.261697,663.855773,1136.726985,1793.475623,124.192468,622.996962
2025-3-15-DP-algae8-pig-c,Antarctic Peninsula,,77.30792229,441.8207194,746.0166149,1041.753862,2021.542024,124.3234771,547.1677709
2025-3-15-DP-algae9-pig-a,Antarctic Peninsula,,6.6640108,49.9946356,112.6945748,154.2300832,551.7425948,20.207404,98.2640896
2025-3-15-DP-algae9-pig-b,Antarctic Peninsula,,5.3050172,67.8533364,126.4970332,144.358948,489.0207412,16.0603836,95.82573
2025-3-15-DP-algae9-pig-c,Antarctic Peninsula,,10.8145772,22.8822852,102.1914048,147.4191936,461.434976,14.8238956,86.3475768
2025-3-15-DP-algae10-pig-a,Antarctic Peninsula,,161.8611771,361.8722291,558.8048971,865.4544137,3601.351879,109.3678554,526.667072
2025-3-15-DP-algae10-pig-b,Antarctic Peninsula,,136.4337406,442.9306966,635.5115743,908.6579691,2753.242197,109.7491257,594.9248846
2025-3-15-DP-algae10-pig-c,Antarctic Peninsula,,145.5921811,441.2403566,466.4493977,741.0542634,3307.406557,118.2359617,580.1895274
2024-8-12-CK-algae1-pig-a,Camp Kiser,,2.653008444,0,5.776037222,26.86200856,11.16786456,4.305933333,10.21750878
2024-8-12-CK-algae1-pig-b,Camp Kiser,,3.234025732,0,25.92141634,46.98451976,130.8105062,4.848646341,49.27971598
2024-8-12-CK-algae1-pig-c,Camp Kiser,,5.116625946,0,38.07338195,79.53062541,61.18655741,4.273286486,36.6544307
2024-8-12-CK-algae2-pig-a,Camp Kiser,,3.083801217,0,30.25637383,45.86713565,103.2909459,3.472982609,25.28452991
2024-8-12-CK-algae2-pig-b,Camp Kiser,,4.215329244,0,35.01298462,69.38987004,75.1060768,3.54064,33.95277831
2024-8-12-CK-algae2-pig-c,Camp Kiser,,2.871194043,50.15299804,30.84127081,39.40152366,129.097871,3.43147234,54.05030851
2024-8-12-CK-algae3-pig-a,Camp Kiser,,6.937569273,0,45.07222164,152.5753509,209.9429169,7.202272727,76.91411018
2024-8-12-CK-algae3-pig-b,Camp Kiser,,10.599688,100.3721493,121.102584,352.048275,730.4591363,6.269851852,157.2836249
2024-8-12-CK-algae3-pig-c,Camp Kiser,,11.93655965,318.3970368,163.6636394,492.42968,1114.718486,4.960247059,143.2025454
2024-8-12-CK-algae4-pig-a,Camp Kiser,,46.16700538,0,54.08038979,104.0768269,93.39938028,6.489268966,44.82725214
2024-8-12-CK-algae4-pig-b,Camp Kiser,,4.211225882,0,53.18928306,65.48226706,121.0136913,4.799458824,113.8749009
2024-8-12-CK-algae4-pig-c,Camp Kiser,,4.600705689,44.4468912,91.58799742,199.1640676,411.6965207,3.49352,86.49258
2024-8-12-CK-algae5-pig-a,Camp Kiser,,4.004314595,0,45.30937568,102.7504556,372.027543,4.235016216,53.90107373
2024-8-12-CK-algae5-pig-b,Camp Kiser,,3.690926444,19.50559933,61.34704344,146.751967,361.3044189,4.382733333,69.39028578
2024-8-12-CK-algae5-pig-c,Camp Kiser,,4.166353295,3.12897125,82.99323545,177.6831331,443.7790374,4.445227273,82.7376742
2024-8-12-CK-algae6-pig-a,Camp Kiser,,3.23695675,0,0,2.069309875,39.458004,4.9270625,46.640783
2024-8-12-CK-algae6-pig-b,Camp Kiser,,2.578260108,0,28.51793968,35.45449686,131.2035863,4.160010811,35.13805081
2024-8-12-CK-algae6-pig-c,Camp Kiser,,2.186388222,0,27.451128,60.69744,91.29844344,4.261833333,27.30926244
2024-8-12-CK-algae7-pig-a,Camp Kiser,,4.226958303,26.298016,65.89189261,195.4750332,457.5128848,4.775139394,81.46460824
2024-8-12-CK-algae7-pig-b,Camp Kiser,,5.017010706,0,88.39748141,214.6843651,613.7698467,4.617858824,93.83922165
2024-8-12-CK-algae7-pig-c,Camp Kiser,,4.370931,47.59341578,97.07491256,198.8159709,517.5975174,4.392666667,89.69928278
2024-8-12-CK-algae8-pig-a,Camp Kiser,,2.601432129,0,13.17693123,42.27332568,62.40755123,5.036967742,21.88116155
2024-8-12-CK-algae8-pig-b,Camp Kiser,,2.089003781,0,38.28512577,66.44036915,292.1265098,3.85560199,37.75753771
2024-8-12-CK-algae8-pig-c,Camp Kiser,,2.32590048,24.290486,41.02823848,83.93800896,138.9699514,3.196696,37.69719864
2024-8-12-CK-algae9-pig-a,Camp Kiser,,2.8064024,0,41.56638617,55.68816023,84.89125829,4.457965714,25.12707886
2024-8-12-CK-algae9-pig-b,Camp Kiser,,2.551091273,0,46.64683842,64.32888109,102.2750999,4.7672,31.77778618
2024-8-12-CK-algae9-pig-c,Camp Kiser,,3.773980491,0,26.8297535,82.21831877,113.8110485,4.767300613,35.03417718
2024-8-12-CK-algae10-pig-a,Camp Kiser,,5.382409176,0,52.26718235,144.1508544,566.3904426,9.099270588,98.05122518
2024-8-12-CK-algae10-pig-b,Camp Kiser,,7.241759667,0,62.90061967,166.6871057,206.6548927,12.92963333,77.72415
2024-8-12-CK-algae10-pig-c,Camp Kiser,,4.386223,47.169231,87.16055011,276.953903,591.6191544,4.389755556,133.5097283
2024-8-12-CK-algae11-pig-a,Camp Kiser,,3.032776889,0,51.24592522,83.54861289,263.6747604,4.3443,69.39540911
2024-8-12-CK-algae11-pig-b,Camp Kiser,,2.828839158,0,57.32405274,114.1260958,262.6449813,4.094105263,64.52533547
2024-8-12-CK-algae11-pig-c,Camp Kiser,,2.928724382,28.76864483,88.98377629,150.6536084,256.1339348,4.407876404,73.25090663
2024-8-12-CK-algae12-pig-a,Camp Kiser,,2.594221091,0,27.38707245,60.57392791,108.5289625,3.523581818,33.17620427
2024-8-12-CK-algae12-pig-b,Camp Kiser,,1.991616762,0,25.8998121,55.81557343,142.1802819,3.652019048,37.23938505
2024-8-12-CK-algae12-pig-c,Camp Kiser,,1.915191789,0,33.37733989,60.87701242,106.1612766,4.038347368,38.52685895
2024-8-12-CK-algae13-pig-a,Camp Kiser,,109.7839869,214.7654288,122.4684188,252.7381554,357.7566976,2.950231263,80.12126732
2024-8-12-CK-algae13-pig-b,Camp Kiser,,118.3069845,196.8875029,100.4516249,228.6236109,731.6765627,4.791558182,82.80049945
2024-8-12-CK-algae13-pig-c,Camp Kiser,,116.242312,258.1755055,130.7870943,308.3394221,581.2455609,3.815173822,92.1653711
2024-8-12-CK-algae14-pig-a,Camp Kiser,,73.6182786,144.8734953,70.97327835,144.1248606,225.8172354,2.37366315,48.5493579
2024-8-12-CK-algae14-pig-b,Camp Kiser,,73.079087,127.9818843,95.40016325,182.551372,263.8582988,3.22273875,63.50540025
2024-8-12-CK-algae14-pig-c,Camp Kiser,,78.1536105,99.94163767,77.65971367,197.7236657,336.5992728,2.924916167,63.05324233
2024-8-12-CK-algae15-pig-a,Camp Kiser,,40.61638459,36.5967155,45.22380364,75.73068736,99.60944606,2.238680346,26.1197703
2024-8-12-CK-algae15-pig-b,Camp Kiser,,36.77016111,10.98159356,31.57043989,44.26121489,58.37697078,2.861022889,36.42852178
2024-8-12-CK-algae15-pig-c,Camp Kiser,,49.08623508,5.228754359,49.85131672,96.78719682,190.6815873,0.728444513,32.17728523
2024-8-12-CK-algae16-pig-a,Camp Kiser,,26.18114491,17.32412782,16.28495855,75.22299027,75.92422355,0.904196455,22.02416945
2024-8-12-CK-algae16-pig-b,Camp Kiser,,26.01787902,26.81344185,20.92998829,102.010936,148.367311,1.416688098,32.50548712
2024-8-12-CK-algae16-pig-c,Camp Kiser,,15.90793505,6.821963895,26.49438642,99.58097084,88.03225358,0.610854211,30.87167884
2024-8-12-CK-algae17-pig-a,Camp Kiser,,8.393527871,7.331884774,15.87283174,70.45660994,63.84054013,1.240693161,18.29814065
2024-8-12-CK-algae17-pig-b,Camp Kiser,,19.81397943,45.74470731,48.96096469,128.7758934,131.2550482,5.244139771,40.94212914
2024-8-12-CK-algae17-pig-c,Camp Kiser,,3.25086671,0,67.86916516,108.3705172,281.354967,0.652122968,38.55285497
2024-8-12-CK-algae18-pig-a,Camp Kiser,,3.25086671,0,67.86916516,108.3705172,281.354967,0.652122968,38.55285497
2024-8-12-CK-algae18-pig-b,Camp Kiser,,91.93301092,45.61053276,92.46168243,174.6506736,213.8894394,2.823896757,53.06553989
2024-8-12-CK-algae18-pig-c,Camp Kiser,,85.57234443,149.6815952,79.33931805,208.8000313,278.6204823,2.730302757,64.79399562
2024-8-12-CK-algae19-pig-a,Camp Kiser,,83.11859528,41.65670663,63.85894517,156.3627167,201.3083439,2.30462882,59.70931989
2024-8-12-CK-algae19-pig-b,Camp Kiser,,71.09365439,33.68494838,90.94511618,206.9773946,346.4013447,1.952775087,78.06559699
2024-8-12-CK-algae19-pig-c,Camp Kiser,,120.2159314,54.05833988,47.11492425,168.6317231,136.7266614,2.822247375,65.07289875
2024-8-12-CK-algae20-pig-a,Camp Kiser,,28.09984753,27.09964573,22.48569337,85.41239865,102.4690699,0.798443146,28.64229888
2024-8-12-CK-algae20-pig-b,Camp Kiser,,44.81516341,36.09461447,30.86699729,108.2784662,122.7748879,1.601322824,36.37621835
2024-8-12-CK-algae20-pig-c,Camp Kiser,,33.93700691,11.95477394,39.45879745,108.3555925,131.1734984,1.129919394,35.12251479
2024-8-13-CK-algae21-pig-a,Camp Kiser,,69.09534957,21.00644014,98.63388114,176.0170527,336.0844977,7.067148714,63.46531771
2024-8-13-CK-algae21-pig-b,Camp Kiser,,94.01810811,41.48922268,113.7358273,222.4438936,314.4628909,9.494613158,73.34403679
2024-8-13-CK-algae21-pig-c,Camp Kiser,,24.77381874,28.75392947,156.6922359,270.1051563,458.2267656,10.52870637,95.20331621
2024-8-13-CK-algae22-pig-a,Camp Kiser,,26.9595527,14.58771183,81.74212174,173.0185777,386.2325727,2.009401391,63.00126261
2024-8-13-CK-algae22-pig-b,Camp Kiser,,27.55135511,14.91227667,88.286682,212.7306918,322.1615711,1.773007333,77.18231622
2024-8-13-CK-algae22-pig-c,Camp Kiser,,10.01283822,18.28915444,93.50121867,216.8400313,284.3022018,0.998854222,76.65955511
2024-8-13-CK-algae23-pig-a,Camp Kiser,,1.530478947,0,63.44645305,115.6200783,291.6265333,0,51.41390947
2024-8-13-CK-algae23-pig-b,Camp Kiser,,90.85689427,34.53917535,90.7375853,150.6821784,322.3574117,5.711850595,55.25274141
2024-8-13-CK-algae23-pig-c,Camp Kiser,,23.15173111,16.06897667,110.0178071,219.6888231,272.6426644,1.020632667,67.11655
2024-8-13-CK-algae24-pig-a,Camp Kiser,,96.98691952,22.62286642,132.5633045,283.5451338,533.8856242,2.928437818,82.74964655
2024-8-13-CK-algae24-pig-b,Camp Kiser,,18.06664943,31.82973914,218.7948754,311.1386197,445.6400994,1.263735714,92.69141143
2024-8-13-CK-algae24-pig-c,Camp Kiser,,7.314855484,27.00004774,183.0718485,381.4333925,572.7746916,1.167502452,106.8602947
2024-8-13-CK-algae25-pig-a,Camp Kiser,,33.89040615,92.14966769,36.29248615,87.49050615,60.74844,0.727412308,28.62448
2024-8-13-CK-algae25-pig-b,Camp Kiser,,27.95211448,16.36108552,39.82187862,98.60800966,236.381371,1.035677241,41.08810345
2024-8-13-CK-algae25-pig-c,Camp Kiser,,37.88635143,70.1046,44.55214571,73.00034714,72.24150857,3.271455714,42.20302429
2024-8-13-CK-algae26-pig-a,Camp Kiser,,11.19629517,56.09770759,8.249297931,27.93028276,31.56696414,0,10.27674207
2024-8-13-CK-algae26-pig-b,Camp Kiser,,3.719514839,11.61309161,1.725218065,14.37592387,18.64436516,0,7.138763871
2024-8-13-CK-algae26-pig-c,Camp Kiser,,1.551094,7.183665,6.622809,31.800446,44.046311,0,9.75393
2024-8-13-CK-algae27-pig-a,Camp Kiser,,0,1.959894194,1.455442581,11.7831471,16.96054452,0,5.273383226
2024-8-13-CK-algae27-pig-b,Camp Kiser,,1.297476,1.578668,3.059217,18.061369,17.809633,0,6.482998
2024-8-13-CK-algae27-pig-c,Camp Kiser,,0,4.446851754,2.062930702,15.84191754,25.45740614,0,7.096322807
2024-8-13-CK-algae28-pig-a,Camp Kiser,,0,14.60090105,0,5.94246,0,0,0
2024-8-13-CK-algae29-pig-a,Camp Kiser,,0,0,0,1.393314667,0,3.360049778,0
2024-8-13-CK-algae30-pig-a,Camp Kiser,,0,12.8550725,0,2.63829625,0,12.186855,0.37177625
2024-8-13-CK-algae31-pig-a,Camp Kiser,,0,0,0,2.971465532,0,0,0
2024-8-13-CK-algae32-pig-a,Camp Kiser,,0.786154839,0,0,14.8053329,0,20.77167613,2.932420645
2024-8-13-CK-algae33-pig-a,Camp Kiser,,1.868502069,1.973554483,7.143377931,16.42108414,15.06302207,6.110071724,5.334264828
2024-8-13-CK-algae33-pig-b,Camp Kiser,,1.740775172,6.680788966,6.258616552,25.09433103,18.88030759,87.57953241,8.705324138
2024-8-13-CK-algae33-pig-c,Camp Kiser,,15.29604,58.02755273,16.17096121,36.73250424,52.45616727,3.823837576,13.36361212
2024-8-13-CK-algae34-pig-a,Camp Kiser,,0.193618333,0,0,3.009775,0,0,0
2024-8-13-CK-algae35-pig-a,Camp Kiser,,0,0,0,4.682296216,0.675461622,0,0
2024-8-13-CK-algae36-pig-a,Camp Kiser,,0,0,0,0,7.692634667,1.536916444,1.427359111
2024-8-13-CK-algae39-pig-a,Camp Kiser,,0,0,0,0.0374992,0,0,0.5587376
2024-8-13-CK-algae40-pig-a,Camp Kiser,,0,0,0,0,0,0,0
2024-8-13-CK-algae41-pig-a,Camp Kiser,,0,0,0,0,0,0,0
2024-8-13-CK-algae42-pig-a,Camp Kiser,,0,0,0,0,0,0,0
2024-8-13-CK-algae43-pig-a,Camp Kiser,,0,0,0,0,0,0,0
2024-8-13-CK-algae44-pig-a,Camp Kiser,,13.26937375,0.8996875,33.9360825,61.2946575,8.80386625,0.5172725,22.19601875
2024-8-13-CK-algae45-pig-a,Camp Kiser,,0,0,0,3.853832222,0,0,1.121606667
2024-8-13-CK-algae46-pig-a,Camp Kiser,,0,20.6107576,91.16274267,243.0545301,287.9009515,1.232592,73.71116267
2024-8-13-CK-algae46-pig-b,Camp Kiser,,41.26679371,25.81086371,97.97410457,196.6676977,99.04566286,2.250734571,53.59849171
2024-8-13-CK-algae46-pig-c,Camp Kiser,,111.6098397,177.8356474,62.77475229,216.8370406,173.9575509,3.359257714,72.95256771
2024-8-13-CK-algae47-pig-a,Camp Kiser,,18.3314808,27.3867,30.23201589,52.78616857,37.418608,1.282707429,16.93232354
2024-8-13-CK-algae47-pig-b,Camp Kiser,,2.035924474,0.699873553,1.996302368,30.52638039,34.55091711,0.595310921,22.94422118
2024-8-13-CK-algae47-pig-c,Camp Kiser,,4.768782842,0,24.02120116,68.46266716,72.32143537,0.538651053,19.54768453
2024-8-13-CK-algae48-pig-a,Camp Kiser,,10.98046222,5.945568148,22.73810296,68.07355585,61.75198859,0.64898163,20.8170403
2024-8-13-CK-algae48-pig-b,Camp Kiser,,34.670088,56.49799172,33.46264593,59.43578538,61.23261903,2.660113241,19.25070676
2024-8-13-CK-algae48-pig-c,Camp Kiser,,28.67981644,17.67664296,31.45806593,67.83339096,51.80195793,2.065721778,20.1892237
2024-8-13-CK-algae49-pig-a,Camp Kiser,,36.28083364,45.77209607,78.02228057,147.3793845,254.1792844,1.517247214,52.904739
2024-8-13-CK-algae49-pig-b,Camp Kiser,,12.58382464,10.372785,105.3458181,174.7770656,133.7880581,0.932564357,50.82120429
2024-8-13-CK-algae49-pig-c,Camp Kiser,,113.2158649,236.9843184,111.4751671,183.1241791,147.3955718,9.083741556,54.62355489
2024-8-13-CK-algae50-pig-a,Camp Kiser,,29.00980071,60.96625247,33.34269776,84.22386435,35.31912765,1.578345882,24.577722
2024-8-13-CK-algae50-pig-b,Camp Kiser,,47.68820341,67.66759035,68.46910812,123.0213364,89.03342294,1.995630353,38.15552141
2024-8-13-CK-algae50-pig-c,Camp Kiser,,37.306477,52.627972,29.945639,73.97284611,54.99630522,1.746491667,28.13628756
2024-8-12-CK-algae51-pig-a,Camp Kiser,,61.186626,129.0620623,38.07588133,125.533806,247.569326,4.517409,41.51398367
2024-8-12-CK-algae51-pig-b,Camp Kiser,,103.1680589,148.6474854,89.73234057,199.8224663,360.1199349,5.239408286,63.433404
2024-8-12-CK-algae51-pig-c,Camp Kiser,,112.347813,251.3457944,157.9519322,246.7589576,491.7559146,5.2207046,78.8117692
2024-8-12-CK-algae57-pig-a,Camp Kiser,,1.920954429,82.53215514,39.45836871,54.60641257,20.46722757,5.656405571,17.02080429
2024-8-12-CK-algae58-pig-a,Camp Kiser,,0,19.38521131,2.734701029,14.49872594,7.421910057,2.927746743,4.3547944
2024-8-12-CK-algae59-pig-a,Camp Kiser,,4.120612889,0,0,17.04078444,38.12138667,2.632570667,4.825912
2024-8-12-CK-algae60-pig-a,Camp Kiser,,3.290253846,6.268299179,0,12.60435292,19.002804,0.864824308,3.769260513
2024-8-12-CK-algae61-pig-a,Camp Kiser,,5.476090435,3.285169478,2.406910957,9.070347739,19.91429043,0.868240348,3.103363652
2024-8-12-CK-algae61-pig-b,Camp Kiser,,6.097778333,17.0869195,0,9.420889083,21.3027705,0.754143083,2.976472833
2024-8-12-CK-algae61-pig-c,Camp Kiser,,2.320788739,0.615447983,0,5.592408235,17.52531336,0.778198571,2.119835378
2024-8-12-CK-algae62-pig-a,Camp Kiser,,26.41273811,43.65829967,8.085903333,44.27877111,41.39454911,1.261112778,12.14569444
2024-8-12-CK-algae62-pig-b,Camp Kiser,,29.58890857,28.6723021,20.91276543,35.9409541,96.83011029,1.333072571,11.65788952
2024-8-12-CK-algae62-pig-c,Camp Kiser,,43.8971386,46.7247384,33.9115666,61.7447295,80.079289,2.2842034,18.2457246
2024-8-12-CK-algae63-pig-a,Camp Kiser,,105.520866,70.930722,94.52427,190.049616,45.737038,0.43658,63.33295
2024-8-12-CK-algae63-pig-b,Camp Kiser,,122.1916165,65.87689412,97.93323353,176.0612418,55.62249882,0.885441177,62.99106882
2024-8-12-CK-algae63-pig-c,Camp Kiser,,117.1737979,100.3055516,46.26458947,199.2505537,36.03740842,0.570456842,63.76553263
2024-8-12-CK-algae64-pig-a,Camp Kiser,,87.21981412,3.609458824,91.20078118,99.26230824,230.3707647,6.339943529,81.36908941
2024-8-12-CK-algae64-pig-b,Camp Kiser,,95.512905,26.1991425,92.361565,191.83033,102.5591625,0.4881975,90.628675
2024-8-12-CK-algae64-pig-c,Camp Kiser,,85.93859294,25.97089412,97.01496941,247.2873976,91.64884,0.627487059,96.2588
2024-8-12-CK-algae65-pig-a,Camp Kiser,,17.087115,0,37.068575,78.5961125,21.6538425,0,32.45293
2024-8-12-CK-algae65-pig-b,Camp Kiser,,11.82305561,6.82116439,16.25729122,76.34045854,16.41303366,0.347089756,29.21141854
2024-8-12-CK-algae65-pig-c,Camp Kiser,,10.381506,3.8633844,45.1148856,32.3119368,13.1039208,1.1584848,45.6352104
2024-8-12-CK-algae66-pig-a,Camp Kiser,,58.070888,34.49496667,62.06050267,109.7039933,53.57545867,0.232268,48.67716667
2024-8-12-CK-algae66-pig-b,Camp Kiser,,104.8735366,45.15241103,94.97299586,233.3472883,127.8450372,0,104.55008
2024-8-12-CK-algae66-pig-c,Camp Kiser,,131.7377143,86.16888914,135.3797623,248.165744,163.0605851,0.267830857,103.708352
2024-8-12-CK-algae67-pig-a,Camp Kiser,,49.283235,5.970015,45.16664357,93.39896571,21.34390929,0.233224286,44.17939714
2024-8-12-CK-algae67-pig-b,Camp Kiser,,64.096664,13.338544,67.28295,155.21926,70.396634,1.40756,62.624278
2024-8-12-CK-algae67-pig-c,Camp Kiser,,64.02483556,9.24076,54.89188444,131.1472933,41.54289778,0.682268889,54.56164667
2024-8-12-CK-algae68-pig-a,Camp Kiser,,0,0,0,0,9.856561181,1.504481013,0.461346835
2024-8-12-CK-algae69-pig-a,Camp Kiser,,0,0,0,29.32044222,36.86739556,4.039902222,46.04278
2024-8-12-CK-algae69-pig-b,Camp Kiser,,22.87790316,47.47416632,0,43.38278947,63.69874316,5.307044211,67.86650737
2024-8-12-CK-algae69-pig-c,Camp Kiser,,0,0,133.1014089,62.81379556,103.4959489,4.322853333,79.49793556
2024-8-12-CK-algae71-pig-a,Camp Kiser,,0,0,0,27.10373667,44.64303,6.163593333,45.45081333
2024-8-12-CK-algae71-pig-b,Camp Kiser,,0,2.584817284,14.97921235,41.48817284,100.025916,4.971032099,60.22435556
2024-8-12-CK-algae71-pig-c,Camp Kiser,,5.906102069,0,36.95829517,212.0251283,178.9699738,4.050862759,88.25801172
2024-8-12-CK-algae72-pig-a,Camp Kiser,,20.84579179,7.153592821,0,25.73155487,56.25524308,3.682558974,34.98988308
2024-8-12-CK-algae72-pig-b,Camp Kiser,,0.995650885,2.16525531,33.38276814,20.50196283,128.1765332,3.336618584,49.18110531
2024-8-12-CK-algae72-pig-c,Camp Kiser,,12.04716146,13.90579024,0,51.94439854,147.4149117,3.273251707,50.99408195
2024-8-12-CK-algae73-pig-a,Camp Kiser,,1.127115789,0,0,0,30.05316211,6.766227368,102.0303579
2024-8-12-CK-algae73-pig-b,Camp Kiser,,9.281664444,4.985546667,0,82.72982222,194.2328267,5.184275556,96.76838889
2024-8-12-CK-algae73-pig-c,Camp Kiser,,24.82086,48.982276,2.409548,44.72622,216.28182,9.469028,136.888828
2024-8-12-CK-algae75-pig-a,Camp Kiser,,273.3519789,161.0590453,340.5980274,849.7244263,167.10268,12.19365053,42.02722
2024-8-12-CK-algae75-pig-b,Camp Kiser,,306.7077495,263.6946263,493.2761616,396.1922152,100.1938586,16.10085859,71.59557374
2024-8-12-CK-algae75-pig-c,Camp Kiser,,224.1773175,181.2855563,333.5224463,413.7679875,182.00212,13.7787975,80.623105
2024-8-12-CK-algae76-pig-a,Camp Kiser,,239.510694,178.224468,790.327108,739.322546,229.851312,9.288668,93.349312
2024-8-12-CK-algae76-pig-b,Camp Kiser,,223.5588231,169.6838667,499.7915154,660.3271692,355.6784846,9.927158974,121.5535615
2024-8-12-CK-algae76-pig-c,Camp Kiser,,224.5722297,121.1361445,262.9863639,556.4838581,341.1334426,9.849483871,127.1599432
2024-8-12-CK-algae77-pig-a,Camp Kiser,,68.87210824,11.48888471,533.0121229,349.9112224,185.0592088,3.665574706,69.11608765
2024-8-12-CK-algae77-pig-b,Camp Kiser,,125.7405812,44.21856353,131.1320206,555.3676482,291.2202847,7.056617647,83.78569412
2024-8-12-CK-algae77-pig-c,Camp Kiser,,190.9075807,129.1402934,309.830362,354.7787873,203.1504867,6.394762048,75.43366627
2024-8-12-CK-algae78-pig-a,Camp Kiser,,36.87532444,29.69301067,72.23412711,109.1155804,32.70762756,2.965400889,18.89378667
2024-8-12-CK-algae78-pig-b,Camp Kiser,,25.35005421,13.55876636,95.31051402,95.03118972,45.81458037,3.496580374,19.06114673
2024-8-12-CK-algae78-pig-c,Camp Kiser,,11.928522,5.445924,19.809414,157.68218,35.687589,2.874681,23.359426
2024-8-12-CK-algae79-pig-a,Camp Kiser,,0,0,2.94527,30.03781333,15.09966333,0,12.69712222
2024-8-12-CK-algae79-pig-b,Camp Kiser,,0,0,7.435329143,32.65485029,24.42364114,0,17.67587771
2024-8-12-CK-algae79-pig-c,Camp Kiser,,0,0,0,34.71442788,19.10762545,1.126109091,16.13500606
2024-8-12-CK-algae80-pig-a,Camp Kiser,,2.391834872,7.39162359,42.99731692,33.52042769,36.4221241,1.904527179,15.51955692
2024-8-12-CK-algae80-pig-b,Camp Kiser,,10.04470128,3.00006383,13.88283489,50.14420511,30.93917702,2.153587234,16.45982468
2024-8-12-CK-algae80-pig-c,Camp Kiser,,1.418566667,0,9.519909524,47.01956,16.53647905,2.08175619,12.35428762
2024-8-12-CK-algae81-pig-a,Camp Kiser,,0,0,19.85029892,41.97384624,41.77520323,0,21.26050215
2024-8-12-CK-algae82-pig-a,Camp Kiser,,0,0,16.38311333,90.76866,254.9053567,0,44.64360667
2024-8-12-CK-algae82-pig-b,Camp Kiser,,13.57489167,0,35.05671,109.7741517,248.4072767,2.428626667,58.51138833
2024-8-12-CK-algae82-pig-c,Camp Kiser,,0,0,48.78202769,133.6187908,285.8667631,2.710196923,65.08553538
2024-8-12-CK-algae83-pig-a,Camp Kiser,,0,0,3.633798824,40.68781412,53.43638824,1.342321176,17.78282353
2024-8-12-CK-algae83-pig-b,Camp Kiser,,0,0,29.79482256,72.18947692,85.18294872,1.067300513,30.58134667
2024-8-12-CK-algae83-pig-c,Camp Kiser,,0,0,24.03656778,64.85511556,85.06188222,0,29.27473333
2024-8-12-CK-algae84-pig-a,Camp Kiser,,7.498116818,0,19.80908182,85.62314727,198.7992014,1.369684091,39.94932545
2024-8-12-CK-algae84-pig-b,Camp Kiser,,0,0,43.40856054,125.266048,239.8339883,0,51.81229372
2024-8-12-CK-algae84-pig-c,Camp Kiser,,0,0,44.72501362,136.2900868,264.9125413,0,57.00618766
2024-8-12-CK-algae85-pig-a,Camp Kiser,,0,0,55.07120352,158.9021261,262.0735251,0,80.75434673
2024-8-12-CK-algae85-pig-b,Camp Kiser,,0,0,12.41651212,90.90575758,119.92245,1.197881818,38.23684697
2024-8-12-CK-algae85-pig-c,Camp Kiser,,0,0,103.1993071,164.5297268,233.5771268,1.453951786,66.36166786
2024-8-12-CK-algae86-pig-a,Camp Kiser,,9.698980909,12.43448727,41.15657455,109.8397541,134.2778141,1.143372273,49.23375
2024-8-12-CK-algae86-pig-b,Camp Kiser,,0,0,28.40479059,141.7877682,199.5498335,0,58.88203412
2024-8-12-CK-algae86-pig-c,Camp Kiser,,0,0,33.40076684,168.39249,191.6857121,1.358085789,64.01759053
2024-8-12-CK-algae87-pig-a,Camp Kiser,,52.44631333,0,148.8202311,262.3811444,535.0307711,8.274173333,132.13846
2024-8-12-CK-algae87-pig-b,Camp Kiser,,0,0,130.7697933,383.8954089,573.6646578,0,165.3498289
2024-8-12-CK-algae87-pig-c,Camp Kiser,,0,0,139.3481258,324.8008921,549.7141236,0,160.1290854
2024-8-13-CK-algae88-pig-a,Camp Kiser,,0,0,22.2070845,127.7438655,114.298173,1.184184,50.495103
2024-8-13-CK-algae88-pig-b,Camp Kiser,,0,0,67.22859368,213.6596526,299.8552526,1.675498947,100.1488842
2024-8-13-CK-algae88-pig-c,Camp Kiser,,0,0,73.9148761,245.4313776,383.2012566,0,112.751282
2024-8-13-CK-algae89-pig-a,Camp Kiser,,0,0,28.19173846,75.48514974,116.8452841,0.842944615,32.67158462
2024-8-13-CK-algae89-pig-b,Camp Kiser,,0,0,25.29631848,99.19987174,132.0164793,0,39.80981848
2024-8-13-CK-algae89-pig-c,Camp Kiser,,0,0,21.82661667,106.4855222,132.91256,0,41.66209222
2024-8-13-CK-algae90-pig-a,Camp Kiser,,0,0,29.14904591,143.7218686,140.3852277,1.071934091,52.98803182
2024-8-13-CK-algae90-pig-b,Camp Kiser,,0,0,35.71563788,142.9292439,172.1495409,1.337707576,62.80076061
2024-8-13-CK-algae90-pig-c,Camp Kiser,,0,0,56.52573,174.5076391,206.8542013,1.037634783,74.74803391
2024-8-13-CK-algae91-pig-a,Camp Kiser,,0,0,3.79730303,30.07309939,32.56717818,0,14.08376121
2024-8-13-CK-algae91-pig-b,Camp Kiser,,0,0,18.31296848,49.49018788,45.56237697,1.034624242,19.93456
2024-8-13-CK-algae91-pig-c,Camp Kiser,,0,0,16.39216778,61.92163778,34.73110333,0.994485556,23.93881222
2024-8-13-CK-algae92-pig-a,Camp Kiser,,0,0,29.0126136,83.010732,111.3930072,0.94308,34.9634124
2024-8-13-CK-algae92-pig-b,Camp Kiser,,22.73279182,0,44.73846818,99.32491364,141.2428132,4.148715,39.65860773
2024-8-13-CK-algae92-pig-c,Camp Kiser,,0,0,23.26662143,72.22024286,134.1319171,1.215422857,37.50550429
2024-8-13-CK-algae93-pig-a,Camp Kiser,,0,0,39.76706778,148.77649,112.22331,0.876771111,49.89778556
2024-8-13-CK-algae93-pig-b,Camp Kiser,,0,0,36.08306919,111.6685005,62.69039459,0,43.21172541
2024-8-13-CK-algae93-pig-c,Camp Kiser,,0,0,54.47781556,146.9431989,109.3886722,0,52.71486
2024-8-13-CK-algae94-pig-a,Camp Kiser,,0,0,0,32.65437467,78.55827467,0,50.69918667
2024-8-13-CK-algae94-pig-b,Camp Kiser,,0,0,85.74635204,192.4251388,134.5550153,0.839043878,53.92893469
2024-8-13-CK-algae94-pig-c,Camp Kiser,,79.28096316,66.93386947,75.86312632,224.6408421,187.5590811,2.963525263,64.86266
2024-8-13-CK-algae95-pig-a,Camp Kiser,,23.32548941,0,20.50013529,53.78898353,29.94620706,2.389777647,17.59153412
2024-8-13-CK-algae95-pig-b,Camp Kiser,,28.93876111,14.37217778,18.03486889,81.61335556,50.78490889,2.69124,20.19898111
2024-8-13-CK-algae95-pig-c,Camp Kiser,,20.76226329,8.116996203,21.06618354,75.50188734,41.24325443,3.042662025,21.20732405
2024-8-13-CK-algae96-pig-a,Camp Kiser,,75.89258,40.13277091,69.06434545,181.0883018,95.90264909,3.839316364,50.77777636
2024-8-13-CK-algae96-pig-b,Camp Kiser,,70.66098503,19.92712096,76.81454731,173.4481311,79.24843114,4.347519162,50.98148443
2024-8-13-CK-algae96-pig-c,Camp Kiser,,101.8468327,34.55734423,73.66659038,251.2659058,200.8987692,5.153571154,69.79588846
2024-8-13-CK-algae97-pig-a,Camp Kiser,,85.521395,30.37961667,44.15035167,136.8258517,96.71537833,3.995888333,42.82502333
2024-8-13-CK-algae97-pig-b,Camp Kiser,,84.5035785,0,49.027578,96.5665785,110.1490755,5.82225,68.6305155
2024-8-13-CK-algae97-pig-c,Camp Kiser,,143.878127,33.18880216,78.79517514,237.4441768,203.5317405,6.82685027,66.14479622
2024-8-13-CK-algae98-pig-a,Camp Kiser,,6.637634545,0,11.80110636,34.16416,15.23875545,1.067634545,9.626098182
2024-8-13-CK-algae98-pig-b,Camp Kiser,,9.36599913,4.352437391,9.368045217,34.22878957,18.39002174,1.11062,9.71454
2024-8-13-CK-algae98-pig-c,Camp Kiser,,12.07224085,2.524166809,16.48952766,48.0307983,33.24424936,1.28286383,12.95732936
2024-8-13-CK-algae99-pig-a,Camp Kiser,,7.2739425,0,22.28936375,57.45841,15.937485,1.8619425,14.928055
2024-8-13-CK-algae99-pig-b,Camp Kiser,,17.74423,32.05736778,33.22709,79.86465889,27.45484667,1.940992222,20.65667111
2024-8-13-CK-algae99-pig-c,Camp Kiser,,7.959364324,0,10.95602486,43.70792108,10.05106486,1.410561081,13.57698486
2024-8-13-CK-algae100-pig-a,Camp Kiser,,45.23702757,48.44362216,85.9301773,210.8331778,130.4898097,2.754288649,52.6649027
2024-8-13-CK-algae100-pig-b,Camp Kiser,,40.49175947,46.38721105,93.95734895,208.2204679,114.4214132,2.702747368,61.63219579
2024-8-13-CK-algae100-pig-c,Camp Kiser,,39.79886364,30.86061455,93.45027636,223.3897764,71.39823455,1.826890909,59.61874182
2024-8-12-CK-algae101-pig-a,Camp Kiser,,51.32913373,6.913368639,39.37688166,151.2308308,69.85181893,3.440137278,41.27111716
2024-8-12-CK-algae101-pig-b,Camp Kiser,,62.43784216,17.21089459,85.43057676,158.3071816,108.4600232,3.214556757,46.58866216
2024-8-12-CK-algae102-pig-a,Camp Kiser,,42.22725943,25.66665257,55.65439029,150.4789217,71.91595886,2.283613714,40.75447029
2024-8-12-CK-algae102-pig-b,Camp Kiser,,61.716936,26.196885,63.164508,182.846778,123.7029285,2.252628,51.7142355
2024-8-12-CK-algae102-pig-c,Camp Kiser,,66.43269568,48.25743243,71.74674973,204.6576924,123.4601984,2.365774054,56.87584378
2024-8-12-CK-algae103-pig-a,Camp Kiser,,71.39810167,44.04084167,49.55592833,210.2057283,200.929835,2.265401667,61.88989833
2024-8-12-CK-algae103-pig-b,Camp Kiser,,82.442232,62.0552805,73.9720665,197.0759115,220.4809545,2.3824665,71.5163205
2024-8-12-CK-algae103-pig-c,Camp Kiser,,50.80897469,47.8924098,76.32411755,242.4846547,176.434,2.398999184,65.97271184
2024-8-12-CK-algae104-pig-a,Camp Kiser,,17.0012227,6.367392432,38.52778811,106.3819589,13.90026703,1.535157838,24.57168541
2024-8-12-CK-algae104-pig-b,Camp Kiser,,31.11317294,9.089755294,28.26537412,110.8707941,29.78510235,1.940463529,30.80968118
2024-8-12-CK-algae104-pig-c,Camp Kiser,,26.86748,3.615275122,35.5407961,97.61424,65.85921561,2.282541463,29.94664683
2024-8-12-CK-algae105-pig-a,Camp Kiser,,93.89104966,49.52875034,123.1165262,216.4398828,258.099691,7.986678621,65.08420138
2024-8-12-CK-algae105-pig-b,Camp Kiser,,122.6468917,107.1316221,108.0507641,266.2635848,320.8708262,9.769326207,74.93845448
2024-8-12-CK-algae105-pig-c,Camp Kiser,,103.9036443,85.03848857,115.49775,269.4134414,324.0315514,9.138404286,67.85279286
2023-8-23-LC-algae1,Lemon Creek Glacier,algae-free,9.546,4.965,52.374,10.867,2.13,0.044,16.384
2023-8-23-LC-algae2,Lemon Creek Glacier,algae-free,3.174,3.982,40.429,10.277,1.411,0,13.578
2023-8-23-LC-algae3,Lemon Creek Glacier,algae-free,1.156,0,22.503,3.907,1.195,0,14.607
2023-8-23-LC-algae4,Lemon Creek Glacier,red,43.266,37.345,188.259,55.864,9.572,1.296,61.806
2023-8-23-LC-algae5,Lemon Creek Glacier,algae-free,40.811,43.808,160.373,44.368,13.215,1.103,56.8
2023-8-23-LC-algae6,Lemon Creek Glacier,red,56.82,34.345,129.393,35.606,20.121,1.443,48.807
2023-8-23-LC-algae7,Lemon Creek Glacier,red,131.402,181.779,517.989,139.068,96.417,9.69,146.888
2023-8-23-LC-algae8,Lemon Creek Glacier,algae-free,24.462,14.809,68.153,20.008,3.836,1.361,30.68
2023-8-23-LC-algae9,Lemon Creek Glacier,red,92.004,76.149,223.655,60.147,95.359,1.914,47.265
2023-8-23-LC-algae10,Lemon Creek Glacier,algae-free,13.579,3.84,51.426,15.991,2.245,2.443,11.3
2023-8-23-LC-algae11,Lemon Creek Glacier,algae-free,1.71,0,17.905,4.452,2.136,1.196,5.263
2023-8-23-LC-algae12,Lemon Creek Glacier,algae-free,1.438,0.139,16.742,8.346,1.762,1.289,5.507
2023-8-23-LC-algae13,Lemon Creek Glacier,red,14.719,4.263,15.125,7.37,1.503,0.266,3.33
2023-8-23-LC-algae14,Lemon Creek Glacier,red,11.074,12.967,41.103,23.152,1.084,0.953,9.624
2023-8-23-LC-algae15,Lemon Creek Glacier,algae-free,15.356,20.879,41.35,26.411,8.974,0.748,11.965
2023-8-23-LC-algae16,Lemon Creek Glacier,algae-free,8.5,10.319,36.229,19.064,4.272,0.8,8.922
2023-8-24-LC-algae17,Lemon Creek Glacier,algae-free,20.511,21.068,59.909,30.588,6.247,2.732,14.663
2023-8-24-LC-algae18,Lemon Creek Glacier,red,37.835,40.542,106.613,44.373,6.198,3.19,25.327
2023-8-24-LC-algae19,Lemon Creek Glacier,red,18.864,17.055,33.838,18.997,4.346,1.402,9.277
2023-8-24-LC-algae20,Lemon Creek Glacier,algae-free,32.589,36.335,73.299,43.931,8.864,2.623,22.101
2023-8-24-LC-algae21,Lemon Creek Glacier,algae-free,9.048,19.568,52.535,29.147,2.568,3.28,19.014
2023-8-24-LC-algae22,Lemon Creek Glacier,algae-free,28.194,9.205,24.441,11.852,7.318,4.466,5.607
2023-8-24-LC-algae23,Lemon Creek Glacier,algae-free,4.688,2.682,5.395,2.848,1.736,1.305,1.009
2023-8-24-LC-algae24,Lemon Creek Glacier,algae-free,9.621,11.268,21.914,12.614,4.611,4.721,5.422
2023-8-24-LC-algae25,Lemon Creek Glacier,algae-free,1.003,0.858,9.802,3.772,3.786,3.688,0
2023-8-24-LC-algae26,Lemon Creek Glacier,red,44.868,46.582,86.566,29.897,13.64,2.824,31.853
2023-8-24-LC-algae27,Lemon Creek Glacier,red,43.334,43.068,101.557,22.074,16.221,4.998,33.852
2023-8-24-LC-algae28,Lemon Creek Glacier,algae-free,1.489,0.888,1.554,0.387,5.987,0,5.073
2023-8-24-LC-algae29,Lemon Creek Glacier,algae-free,15.098,16.468,31.16,18.701,10.344,10.956,12.677
2023-8-24-LC-algae30,Lemon Creek Glacier,red,557.411,299.922,444.636,439.727,63.528,44.087,230.872
2023-8-24-LC-algae31,Lemon Creek Glacier,red,225.921,189.01,237.451,168.048,24.175,26.675,121.947
2023-8-24-LC-algae32,Lemon Creek Glacier,red,272.704,173.241,313.112,260.389,51.607,6.299,229.859
2023-8-24-LC-algae33,Lemon Creek Glacier,red,170.498,145.485,333.927,232.905,46.424,0.569,133.062
2023-8-24-LC-algae34,Lemon Creek Glacier,red,86.606,38.631,158.402,113.685,28.504,8.357,129.737
2023-8-24-LC-algae35,Lemon Creek Glacier,red,376.152,384.258,775.216,477.381,73.982,16.051,255.414
2023-8-24-LC-algae36,Lemon Creek Glacier,red,75.834,68.893,153.042,136.167,17.846,0.553,68.753
2023-8-24-LC-algae37,Lemon Creek Glacier,red,105.384,148.229,543.203,264.172,8.421,1.229,225.337
2023-8-24-LC-algae38,Lemon Creek Glacier,red,125.591,83.5,267.002,160.627,5.492,0,163.754
2023-8-24-LC-algae39,Lemon Creek Glacier,red,73.014,15.71,170.129,117.262,2.533,0,138.669
2023-8-24-LC-algae40,Lemon Creek Glacier,red,114.731,82.158,380.192,166.171,14.18,0.421,165.672
2023-8-24-LC-algae41,Lemon Creek Glacier,red,213.477,212.095,980.438,381.435,43.5,8.742,410.866
2023-8-24-LC-algae42,Lemon Creek Glacier,red,252.345,193.088,376.717,264.553,45.549,6.897,185.466
2023-8-24-LC-algae43,Lemon Creek Glacier,red,431.653,478.455,640.94,538.086,194.819,24.127,454.98
2023-8-24-LC-algae44,Lemon Creek Glacier,red,238.9,162.802,288.734,243.429,66.881,9.642,160.124
2023-8-24-LC-algae45,Lemon Creek Glacier,red,358.545,284.884,446.449,416.974,91.669,11.392,294.373
2023-8-24-LC-algae46,Lemon Creek Glacier,red,159.841,169.607,345.781,284.364,67.452,9.089,183.528
2023-8-24-LC-algae47,Lemon Creek Glacier,red,94.898,55.001,202.877,90.109,11.045,12.209,82.298
2023-8-24-LC-algae48,Lemon Creek Glacier,red,136.707,170.684,762.491,303.302,80.282,16.469,394.42
2023-8-24-LC-algae49,Lemon Creek Glacier,red,203.96,86.181,195.143,151.487,51.062,24.995,169.407
2023-8-24-LC-algae50,Lemon Creek Glacier,red,125.693,61.311,400.343,160.97,37.068,13.748,152.132
2023-8-24-LC-algae51,Lemon Creek Glacier,red,115.367,130.327,350.713,193.063,66.585,15.18,191.667
2023-8-24-LC-algae52,Lemon Creek Glacier,red,370.986,241.074,379.006,143.62,66.594,6.445,227.786
2023-8-24-LC-algae53,Lemon Creek Glacier,red,287.421,232.228,416.809,136.806,80.339,6.194,129.529
2023-8-24-LC-algae54,Lemon Creek Glacier,red,250.552,223.154,571.956,191.548,97.78,6.356,218.977
2023-8-24-LC-algae55,Lemon Creek Glacier,red,394.216,373.92,1040.882,325.925,122.431,10.328,325.468
2023-8-24-LC-algae56,Lemon Creek Glacier,red,260.805,248.314,462.193,155.487,108.361,6.266,154.075
2023-8-24-LC-algae57,Lemon Creek Glacier,red,160.944,,377.007,162.842,52.232,1.176,145.767
2023-8-24-LC-algae58,Lemon Creek Glacier,red,95.202,,230.172,92.298,24.114,0,84.77
2023-8-24-LC-algae59,Lemon Creek Glacier,red,133.072,,357.727,149.291,49.844,0,160.142